ligne_source,fournisseur_colonne_A,dlc_ddm,produit,pu_ht,multiple_de_commande,tva,note_fournisseur
10,BISCUITERIE DE QUINEVILLE,2 MOIS,Apéro tomate/paprika 100 grs,2.15,/6,0.055,
11,BISCUITERIE DE QUINEVILLE,2 MOIS,Pailles feuilletées salées 100 grs,2.45,/6,0.055,
12,BISCUITERIE DE QUINEVILLE,2 MOIS,Palets Camembert du Cotentin pavot 100 grs,2.5,/6,0.055,
13,BISCUITERIE DE QUINEVILLE,3 MOIS,Biscuits assortiment 250 grs,5.9,6/,0.055,
14,BISCUITERIE DE QUINEVILLE,4 MOIS,Boutons de la Manche 250 grs moins de 12,3.6,6/,0.055,
15,BISCUITERIE DE QUINEVILLE,4 MOIS,Boutons de la Manche 250 grs/ carton de 12,3.45,12/,0.055,
16,BISCUITERIE DE QUINEVILLE,3 MOIS,Cookies pépite de chocolat 220 grs,3.6,6/,0.055,
17,BISCUITERIE DE QUINEVILLE,4 MOIS,Coquilles Quinéville 165 grs,4.37,6/,0.055,
18,BISCUITERIE DE QUINEVILLE,4 MOIS,Coquilles Quinéville 80 grs mini 50 paquets,2.45,50/,0.055,
19,BISCUITERIE DE QUINEVILLE,4 MOIS,Coquilles de Quinéville trio 165 grs,4.37,6/,0.055,
20,BISCUITERIE DE QUINEVILLE,4 MOIS,Coquilles trio 80 grs mini 50 paquets,2.45,50/,0.055,
21,BISCUITERIE DE QUINEVILLE,4 MOIS,Croquant aux amandes 125 grs,4.3,6/,0.055,
22,BISCUITERIE DE QUINEVILLE,3 MOIS,Croquenoisette chocolat 180 grs,4.55,6/,0.055,
23,BISCUITERIE DE QUINEVILLE,3 MOIS,Croquenoisettes 180 grs,3.73,6/,0.055,
24,BISCUITERIE DE QUINEVILLE,4 MOIS,Croquentin 220 grs,3.5,6/,0.055,
25,BISCUITERIE DE QUINEVILLE,3 MOIS,Croquet Calvados 180 grs,3.55,6/,0.055,
26,BISCUITERIE DE QUINEVILLE,1 MOIS,Financier sachet 180 grs,3.25,6/,0.055,
27,BISCUITERIE DE QUINEVILLE,1 MOIS,Financiers boite 250 grs,4.9,6/,0.055,
28,BISCUITERIE DE QUINEVILLE,2 MOIS,Pailles feuilletées au sucre 150 grs,3.45,6/,0.055,
29,BISCUITERIE DE QUINEVILLE,4 MOIS,Sablé chocolat enrobage chocolat lait 180 grs,4.5,6/,0.055,
30,BISCUITERIE DE QUINEVILLE,4 MOIS,Sablé éclats de caramel 180 grs,3.56,6/,0.055,
31,BISCUITERIE DE QUINEVILLE,4 MOIS,Sablé éclats caramel 110 grs mini 50 paquets,2.5,50/,0.055,
32,BISCUITERIE DE QUINEVILLE,4 MOIS,Sablé spéculos 250 grs,3.95,6/,0.055,
33,BISCUITERIE DE QUINEVILLE,3 MOIS,Sablés Mamie 220 grs,3.65,6/,0.055,
34,BISCUITERIE DE QUINEVILLE,4 MOIS,Tuiles pâtissières 150 grs,3.85,6/,0.055,
35,BISCUITERIE DE QUINEVILLE,4 MOIS,Sablette mendiante chocolat 130 grs,3,6/,0.055,
36,BISCUITERIE DE QUINEVILLE,6 MOIS,Tuiles chocolat noir 150gr,6.6,6/,0.055,
37,BISCUITERIE DE QUINEVILLE,6 MOIS,Tuiles chocolat lacté 150gr,6.6,6/,0.2,
38,BISCUITERIE DE QUINEVILLE,6 MOIS,Tuiles chocolat noir et lacté 200gr,8.3,6/,0.2,
39,BISCUITERIE DE QUINEVILLE,4 MOIS,Pâte de pommes 300 grs,4.8,6/,0.2,
40,BISCUITERIE DE QUINEVILLE,4 MOIS,Batonnet feuilleté noir 200 grs,6.95,6/,0.055,
41,BISCUITERIE DE QUINEVILLE,4 MOIS,Grignotines amandes noisettes 200 grs,7.4,6/,0.055,
42,FERME DE LA CHOUQUERIE,24 MOIS,Teurgoule nature 280 g,3.82,12/,0.055,
43,FERME DE LA CHOUQUERIE,24 MOIS,Teurgoule nature 500 g,6.34,6/,0.055,
44,FERME DE LA CHOUQUERIE,24 MOIS,Teurgoule nature 740 g,8.5,6/,0.055,
45,FERME DE LA CHOUQUERIE,24 MOIS,Teurgoule cannelle 280 g,3.82,12/,0.055,
46,FERME DE LA CHOUQUERIE,24 MOIS,Teurgoule cannelle 500 g,6.34,6/,0.055,
47,FERME DE LA CHOUQUERIE,24 MOIS,Teurgoule cannelle 740 g,8.5,6/,0.055,
48,FERME DE L'ISLE,12 MOIS,Confiture de lait nature 250 g,3.05,20 /,0.055,Panachable en 2x10 par carton
49,FERME DE L'ISLE,12 MOIS,Confiture de lait éclats de pralin 250 g,3.42,20 /,0.055,Panachable en 2x10 par carton
50,FERME DE L'ISLE,12 MOIS,Confiture de lait chocolat 250 g / 20 P,3.42,20 /,0.055,Panachable en 2x10 par carton
51,FERME DE L'ISLE,12 MOIS,Confiture de lait fleur sel Guérande 250 g / 20 P,3.42,20 /,0.055,Panachable en 2x10 par carton
52,CONFITURES DU PÈRE ROUPSARD,36 MOIS,Confiture figue 280 grs,3.1,/6,0.055,
53,CONFITURES DU PÈRE ROUPSARD,36 MOIS,Confiture orange 280 grs,3.1,/6,0.055,
54,CONFITURES DU PÈRE ROUPSARD,36 MOIS,Confiture framboise 280 grs,3.1,/6,0.055,
55,CONFITURES DU PÈRE ROUPSARD,36 MOIS,Confiture mure 280 grs,3.1,/6,0.055,
56,CONFITURES DU PÈRE ROUPSARD,36 MOIS,Confiture fraise 280 grs,3.1,/6,0.055,
57,CONFITURES DU PÈRE ROUPSARD,36 MOIS,Confiture abricot 280 grs,3.1,/6,0.055,
58,CONFITURES DU PÈRE ROUPSARD,36 MOIS,Confiture de rhubarbe 280 grs,3.1,/6,0.055,
59,CONFITURES DU PÈRE ROUPSARD,37 MOIS,Confiture de Myrtilles 280 grs NOUVEAU,3.1,/6,0.055,
60,CONFITURES DU PÈRE ROUPSARD,38 MOIS,Confiture de Fraise Ananas 280 grs NOUVEAU,3.1,/6,0.055,
61,CONFITURES DU PÈRE ROUPSARD,36 MOIS,Confiture pomme au cidre 280 grs,3.1,/6,0.055,
62,CONFITURES DU PÈRE ROUPSARD,36 MOIS,Confiture pomme caramel 280 grs,3.1,/6,0.055,
63,CONFITURES DU PÈRE ROUPSARD,36 MOIS,Confiture pomme rhubarbe 280 grs,3.1,/6,0.055,
64,CONFITURES DU PÈRE ROUPSARD,36 MOIS,Confiture fraise rhubarbe 280 grs,3.1,/6,0.055,
65,CONFITURES DU PÈRE ROUPSARD,36 MOIS,Confiture fruits rouges 280 grs,3.1,/6,0.055,
66,LE PÈRE ROUPSARD,36 MOIS,Confit de cidre 100 gr,1.98,/12,0.055,
67,LE PÈRE ROUPSARD,36 MOIS,Confit de poiré 100 gr,1.98,/12,0.055,
68,LE PÈRE ROUPSARD,36 MOIS,Moutarde pommeau 100 gr,2.6,/12,0.055,
69,LE PÈRE ROUPSARD,36 MOIS,Moutarde Calvados 100 gr,2.6,/12,0.055,
70,LE PÈRE ROUPSARD,36 MOIS,Moutarde pomme 100 gr,2.6,/12,0.055,
71,LE PÈRE ROUPSARD,36 MOIS,Moutarde framboise 100 gr,2.6,/12,0.055,
72,LE PÈRE ROUPSARD,36 MOIS,Confit d'oignons 100 gr,3.02,/12,0.055,
73,LE PÈRE ROUPSARD,36 MOIS,Chutney de figue 100 gr,3.02,/12,0.055,
74,LE PÈRE ROUPSARD,36 MOIS,Chutney de pomme 100 gr,3.02,/12,0.055,
75,LE PÈRE ROUPSARD DESSERT,36 MOIS,Riz au lait de Normandie 180 gr,2.25,/6,0.055,
76,LE PÈRE ROUPSARD DESSERT,36 MOIS,Riz au lait de Normandie Eclats caramel d'Isigny 180 gr,2.25,/6,0.055,
77,LE PÈRE ROUPSARD DESSERT,36 MOIS,Riz au lait de Normandie 120 gr,1.77,/6,0.055,
78,LE PÈRE ROUPSARD DESSERT,36 MOIS,Riz au lait de Normandie Eclats caramel d'Isigny 120 gr,1.77,/6,0.055,
79,LE PÈRE ROUPSARD DESSERT,36 MOIS,Crème aux œufs à la crème d'Isigny 180 gr,2.25,/6,0.055,
80,LE PÈRE ROUPSARD DESSERT,36 MOIS,Crème aux œufs aux éclats de caramel d'Isigny 180 gr,2.25,/6,0.055,
81,LE PÈRE ROUPSARD DESSERT,36 MOIS,Crème aux œufs à la crème d'Isigny 120 gr,1.77,/6,0.055,
82,LE PÈRE ROUPSARD DESSERT,36 MOIS,Crème aux œufs aux éclats de caramel d'Isigny 120 gr,1.77,/6,0.055,
83,PÈRE ROUPSARD TRAITEUR 90 Gr,36 MOIS,Boudin campagnard aux pomme 90 grs,2.18,6/,0.055,
84,PÈRE ROUPSARD TRAITEUR 90 Gr,36 MOIS,Terrine de faisan au Calvados 90 grs,2.6,6/,0.055,
85,PÈRE ROUPSARD TRAITEUR 90 Gr,36 MOIS,Terrine de lièvre au Calvados 90 grs,2.6,6/,0.055,
86,PÈRE ROUPSARD TRAITEUR 90 Gr,36 MOIS,Terrine pomme porc andouille 90 grs,2.6,6/,0.055,
87,PÈRE ROUPSARD TRAITEUR 90 Gr,36 MOIS,Terrine de lapin au pommeau 90 grs,2.6,6/,0.055,
88,PÈRE ROUPSARD TRAITEUR 90 Gr,36 MOIS,Terrine de canard aux pommes 90 grs,2.6,6/,0.055,
89,PÈRE ROUPSARD TRAITEUR 90 Gr,36 MOIS,Terrine de campagne 90 grs,2.6,6/,0.055,
90,PÈRE ROUPSARD TRAITEUR 90 Gr,36 MOIS,Terrine de campagne au cidre 90 grs,2.6,6/,0.055,
91,PÈRE ROUPSARD TRAITEUR 90 Gr,36 MOIS,Terrine porc Livarot 90 grs,2.6,6/,0.055,
92,PÈRE ROUPSARD TRAITEUR 90 Gr,36 MOIS,Terrine porc camembert 90 grs,2.6,6/,0.055,
93,PÈRE ROUPSARD TRAITEUR 90 Gr,36 MOIS,Rillettes de porc à l'anciènne 90 grs,2.6,6/,0.055,
94,PÈRE ROUPSARD TRAITEUR 90 Gr,36 MOIS,Rillettes de porc fumé 90 grs,2.6,6/,0.055,
95,PÈRE ROUPSARD TRAITEUR 90 Gr,36 MOIS,Terrine campagne pomme foie gras 90 grs,2.6,6/,0.055,
96,PÈRE ROUPSARD TRAITEUR 90 Gr,36 MOIS,Pâté de foie aux pommes calva 90 grs,2.6,6/,0.055,
97,PÈRE ROUPSARD TRAITEUR 90 Gr,36 MOIS,Rillettes du Cotentin 90 grs,2.6,6/,0.055,
98,PÈRE ROUPSARD TRAITEUR 90 Gr,36 MOIS,Rillettes de poulet au poivre vert 90 grs,2.6,6/,0.055,
99,PÈRE ROUPSARD TRAITEUR 90 Gr,36 MOIS,Rillettes de poulet citron confit 90 grs,2.6,6/,0.055,
100,PÈRE ROUPSARD TRAITEUR 90 Gr,36 MOIS,Rilletes de poulet au piment d'Espelette 90 grs,2.6,6/,0.055,
101,PÈRE ROUPSARD TRAITEUR 90 Gr,36 MOIS,Rillettes de canard au foie gras 90 grs,2.88,6/,0.055,
102,PÈRE ROUPSARD TRAITEUR 180 Gr,36 MOIS,Boudin campagnard aux pommes 180 grs,3.55,6/,0.055,
103,PÈRE ROUPSARD TRAITEUR 180 Gr,36 MOIS,Pâté de foie aux pommes calva 180 grs,3.98,6/,0.055,
104,PÈRE ROUPSARD TRAITEUR 180 Gr,36 MOIS,Terrine de campagne 180 grs,3.98,6/,0.055,
105,PÈRE ROUPSARD TRAITEUR 180 Gr,36 MOIS,Rillettes de porc fumé 180 grs,3.98,6/,0.055,
106,PÈRE ROUPSARD TRAITEUR 180 Gr,36 MOIS,Rillettes de porc à l'anciènne 180 grs,3.98,6/,0.055,
107,PÈRE ROUPSARD TRAITEUR 180 Gr,36 MOIS,Rillettes du Cotentin 180 grs,3.98,6/,0.055,
108,PÈRE ROUPSARD TRAITEUR 180 Gr,36 MOIS,Terrine de canard aux pommes 180 grs,3.98,6/,0.055,
109,PÈRE ROUPSARD TRAITEUR 180 Gr,36 MOIS,Terrine de lapin au pommeau 180 grs,3.98,6/,0.055,
110,PÈRE ROUPSARD TRAITEUR 180 Gr,36 MOIS,Terrine porc livarot 180 grs,3.98,6/,0.055,
111,PÈRE ROUPSARD TRAITEUR 180 Gr,36 MOIS,Terrine porc camembert 180 grs,3.98,6/,0.055,
112,PÈRE ROUPSARD TRAITEUR 180 Gr,36 MOIS,Terrine campagne au cidre 180 grs,3.98,6/,0.055,
113,PÈRE ROUPSARD TRAITEUR 180 Gr,36 MOIS,Terrine campagne pomme foie gras 180 g,3.98,6/,0.055,
114,PÈRE ROUPSARD TRAITEUR 180 Gr,36 MOIS,Terrine de lièvre au Calvados 180 grs,3.98,6/,0.055,
115,PÈRE ROUPSARD TRAITEUR 180 Gr,36 MOIS,Terrine de faisan au Calvados 180 grs,3.98,6/,0.055,
116,PÈRE ROUPSARD TRAITEUR 180 Gr,36 MOIS,Terrine pomme porc andouille 180 grs,3.98,6/,0.055,
117,PÈRE ROUPSARD TRAITEUR 180 Gr,36 MOIS,Rillettes de poulet citron confit 180 grs,3.98,6/,0.055,
118,PÈRE ROUPSARD TRAITEUR 180 Gr,36 MOIS,Rillettes de poulet piment d'Espelette 180 grs,3.98,6/,0.055,
119,PÈRE ROUPSARD TRAITEUR 180 Gr,36 MOIS,Rillettes de poulet poivre vert 180 grs,3.98,6/,0.055,
120,PÈRE ROUPSARD TRAITEUR 180 Gr,36 MOIS,Rillettes de canard au foie gras 180 grs,3.98,6/,0.055,
121,PÈRE ROUPSARD TRAITEUR,24 MOIS,Foie gras de canard pot le parfait 120 grs,14.65,6/,0.055,
122,PÈRE ROUPSARD TRAITEUR,24 MOIS,Foie gras de canard pot le parfait 180 grs,20.6,6/,0.055,
123,PÈRE ROUPSARD LES MIJOTES,36 MOIS,Sauté de porc forestier 400grs,5.42,9/,0.055,
124,PÈRE ROUPSARD LES MIJOTES,36 MOIS,Boeuf au cidre 400 grs,5.42,9/,0.055,
125,PÈRE ROUPSARD LES MIJOTES,36 MOIS,Blanquette de veau 400 grs,5.42,9/,0.055,
126,PÈRE ROUPSARD LES MIJOTES,36 MOIS,Veau aux chaloignons des bois 400grs,5.42,9/,0.055,
127,PÈRE ROUPSARD LES MIJOTES,36 MOIS,Tripes au cidre 400 grs,5.42,9/,0.055,
128,PÈRE ROUPSARD LES MIJOTES,36 MOIS,Poulet valée d'Auge 400 grs,5.42,9/,0.055,
129,PÈRE ROUPSARD LES MIJOTES,36 MOIS,Sauté de porc au caramel de porc 400 grs,5.42,9/,0.055,
130,PÈRE ROUPSARD LES MIJOTES,36 MOIS,Chili con carne de porc 400 grs,5.42,9/,0.055,
131,PÈRE ROUPSARD LES MIJOTES,36 MOIS,Paupiettes de porc forestières 400 grs,5.42,9/,0.055,
132,PÈRE ROUPSARD LES MIJOTES,36 MOIS,Blanquette de la mer au petits légumes 400 grs,5.42,9/,0.055,
133,PÈRE ROUPSARD TRAITEUR,36 MOIS,Soupe de poisson 1 litre,3.4,6/,0.055,
134,PÈRE ROUPSARD TRAITEUR,36 MOIS,Soupe de poisson 50 cl,2.05,9/,0.055,
135,PÈRE ROUPSARD TRAITEUR,36 MOIS,Velouté de homard 1 litre,5.95,6/,0.055,
136,PÈRE ROUPSARD TRAITEUR,36 MOIS,Velouté de homard 50 cl,3.68,9/,0.055,
137,PÈRE ROUPSARD TRAITEUR,36 MOIS,Soupe d'étrilles 1 litre,4.05,6/,0.055,
138,PÈRE ROUPSARD TRAITEUR,36 MOIS,Soupe d'étrilles 50 cl,2.31,9/,0.055,
139,PÈRE ROUPSARD TRAITEUR,36 MOIS,Soupe de langoustines 1 litre,4.05,6/,0.055,
140,PÈRE ROUPSARD TRAITEUR,36 MOIS,Soupe de langoustines 50 cl,2.31,9/,0.055,
141,LES DINATOIRES DU PÈRE ROUPSARD,36 MOIS,Thon ail et fines herbes 90 g,3.25,6/,0.055,
142,LES DINATOIRES DU PÈRE ROUPSARD,36 MOIS,Deux saumon et basilic 90 g  NOUVEAU,3.25,6/,0.055,
143,LES DINATOIRES DU PÈRE ROUPSARD,36 MOIS,St jacques éclats de porc fumés 90 grs,3.25,6/,0.055,
144,LES DINATOIRES DU PÈRE ROUPSARD,36 MOIS,St jacques algues 90 grs,3.25,6/,0.055,
145,LES DINATOIRES DU PÈRE ROUPSARD,36 MOIS,St jacques chorizo 90 grs,3.25,6/,0.055,
146,LES DINATOIRES DU PÈRE ROUPSARD,36 MOIS,Sardine piment d'Espelette 90 grs,3.25,6/,0.055,
147,LES DINATOIRES DU PÈRE ROUPSARD,36 MOIS,Rouget poireau 90 grs,3.25,6/,0.055,
148,LES DINATOIRES DU PÈRE ROUPSARD,36 MOIS,Maquereaux en rillettes 90 grs,3.25,6/,0.055,
149,LES DINATOIRES DU PÈRE ROUPSARD,36 MOIS,Crevette mangue 90 grs,3.25,6/,0.055,
150,LES DINATOIRES DU PÈRE ROUPSARD,36 MOIS,Cabillaud fumé 90 grs,3.25,6/,0.055,
151,LES DINATOIRES DU PÈRE ROUPSARD,36 MOIS,Boudin gelée de pomme 90 grs,3.16,6/,0.055,
152,LES DINATOIRES DU PÈRE ROUPSARD,36 MOIS,Poulet caramel beurre salé 90 grs,3.16,6/,0.055,
153,LES DINATOIRES DU PÈRE ROUPSARD,36 MOIS,Andouille pommeau 90 grs,3.16,6/,0.055,
154,LES DINATOIRES DU PÈRE ROUPSARD,36 MOIS,Rillette au Chorizo 90 grs,3.16,6/,0.055,
155,LES DINATOIRES DU PÈRE ROUPSARD,36 MOIS,Camembert au chorizo 90 grs,3.16,6/,0.055,
156,LES DINATOIRES DU PÈRE ROUPSARD,36 MOIS,Brie de Meaux cernaux de noix 90 grs,3.16,6/,0.055,
157,LES DINATOIRES DU PÈRE ROUPSARD,36 MOIS,Livarot Calvados 90 grs,3.16,6/,0.055,
158,LES DINATOIRES DU PÈRE ROUPSARD,36 MOIS,Pont l'évêque échalote 90 grs,3.16,6/,0.055,
159,LES DINATOIRES DU PÈRE ROUPSARD,36 MOIS,Chèvre confit de figue 90 grs,3.16,6/,0.055,
160,LES DINATOIRES DU PÈRE ROUPSARD,36 MOIS,Bleu tomates confites 90 grs,3.16,6/,0.055,
161,LES DINATOIRES DU PÈRE ROUPSARD,36 MOIS,Neufchâtel cramberries 90 grs,3.16,6/,0.055,
162,LES DINATOIRES DU PÈRE ROUPSARD,36 MOIS,St jacques foie gras 90 grs,4,6/,0.055,
163,LES DINATOIRES DU PÈRE ROUPSARD,36 MOIS,Ris de veau cèpes 90 grs,4,6/,0.055,
164,LES DINATOIRES DU PÈRE ROUPSARD,36 MOIS,Saumon  oseille 90 grs,4,6/,0.055,
165,LES DINATOIRES DU PÈRE ROUPSARD,36 MOIS,Lotte jambon fumé 90 grs,4,6/,0.055,
166,MAISON SAINT LO,24 MOIS,Bisque de homard 480 ml,5.9,6/,0.055,
167,MAISON SAINT LO,24 MOIS,Bisque de langoustines 480 ml,5.9,6/,0.055,
168,MAISON SAINT LO,24 MOIS,Terrine de haddock fumé 150 grs,5.2,6/,0.055,
169,MAISON SAINT LO,24 MOIS,Terrine saumon fumé 180 grs,5.2,6/,0.055,
170,MAISON SAINT LO,24 MOIS,Bisque d'étrille 480 ml,4.9,6/,0.055,
171,MAISON SAINT LO,24 MOIS,Choucroute de la mer 320 grs,4.2,6/,0.055,
172,MAISON SAINT LO,24 MOIS,Maquereaux marinés 320 g vin blanc,4.2,6/,0.055,
173,MAISON SAINT LO,24 MOIS,Maquereaux marinés 320 grs moutarde,4.2,6/,0.055,
174,MAISON SAINT LO,24 MOIS,Maquereaux marinés 320g curry,4.2,6/,0.055,
175,MAISON SAINT LO,24 MOIS,Maquereaux marinés 320g tomate,4.2,6/,0.055,
176,MAISON SAINT LO,24 MOIS,Soupe de saumon fumé 740 ml,4.2,6/,0.055,
177,MAISON SAINT LO,24 MOIS,Soupe de truite fumée 740 ml,4.2,6/,0.055,
178,MAISON SAINT LO,24 MOIS,Velouté de saumon 740 ml,4.2,6/,0.055,
179,MAISON SAINT LO,24 MOIS,Velouté de truite 740 ml,4.2,6/,0.055,
180,MAISON SAINT LO,24 MOIS,Soupe de poisson 740 ml,4.2,6/,0.055,
181,MAISON SAINT LO,24 MOIS,Soupe de saumon fumé  480 ml,3.5,6/,0.055,
182,MAISON SAINT LO,24 MOIS,Soupe de truite fumée 480 ml,3.5,6/,0.055,
183,MAISON SAINT LO,24 MOIS,Velouté de saumon 480 ml,3.5,6/,0.055,
184,MAISON SAINT LO,24 MOIS,Velouté de truite 480 ml,3.5,6/,0.055,
185,MAISON SAINT LO,24 MOIS,Soupe de poisson 480 ml,3.5,6/,0.055,
186,MAISON SAINT LO,24 MOIS,Rillettes de saumon noix st Jacques 140 grs,4.9,6/,0.055,
187,MAISON SAINT LO,24 MOIS,Rillettes de truite noix de st jacques 140 grs,4.9,6/,0.055,
188,MAISON SAINT LO,24 MOIS,Terrine de truite fumée 140 grs,4.9,6/,0.055,
189,MAISON SAINT LO,24 MOIS,Rillettes de hareng 140 grs,4.5,6/,0.055,
190,MAISON SAINT LO,24 MOIS,Rillettes de lieu andouille de Vire 140 grs,4.5,6/,0.055,
191,MAISON SAINT LO,24 MOIS,Rillettes de maquereaux moutarde 140grs,4.5,6/,0.055,
192,MAISON SAINT LO,24 MOIS,Rillettes de saumon 140 grs,4.5,6/,0.055,
193,MAISON SAINT LO,24 MOIS,Rillettes de saumon à l'aneth fraîche 140 grs,4.5,6/,0.055,
194,MAISON SAINT LO,24 MOIS,Rillettes de saumon au camembert 140 grs,4.5,6/,0.055,
195,MAISON SAINT LO,24 MOIS,Rillettes de truite 140 grs,4.5,6/,0.055,
196,MAISON SAINT LO,24 MOIS,Rillettes truite moutarde ancienne 140 grs,4.5,6/,0.055,
197,MAISON SAINT LO,24 MOIS,Rillettes de truite à l'aneth fraîche 140 grs,4.5,6/,0.055,
198,MAISON SAINT LO,24 MOIS,Rillettes saumon curry 140 grs,4.5,6/,0.055,
199,MAISON SAINT LO,24 MOIS,Rillettes de langoustines 90 grs,4.6,6/,0.055,
200,MAISON SAINT LO,24 MOIS,Rillettes de homard 90 grs,4.6,6/,0.055,
201,MAISON SAINT LO,24 MOIS,Rillettes de lotte 90 grs,4.5,6/,0.055,
202,MAISON SAINT LO,24 MOIS,Rillettes de lotte au chorizo 90 grs,4.5,6/,0.055,
203,MAISON SAINT LO,24 MOIS,Rillettes noix de st jacques pomme miel 85 g,4.5,6/,0.055,
204,MAISON SAINT LO,24 MOIS,Rillettes de truite fumée au safran 90 g,3.8,6/,0.055,
205,MAISON SAINT LO,24 MOIS,Rillettes saumon aux noix  St Jacques 90 grs,3.5,6/,0.055,
206,MAISON SAINT LO,24 MOIS,Rillettes de truite noix de st jacques 90 grs,3.5,6/,0.055,
207,MAISON SAINT LO,24 MOIS,Terrine de haddock 90 grs,3.5,6/,0.055,
208,MAISON SAINT LO,24 MOIS,Terrine de truite fumée 90 grs,3.5,6/,0.055,
209,MAISON SAINT LO,24 MOIS,Terrine saumon fumé 90 grs,3.5,6/,0.055,
210,MAISON SAINT LO,24 MOIS,Rillettes saumon au miel et curry 90 grs,3.2,6/,0.055,
211,MAISON SAINT LO,24 MOIS,Rillettes de hareng à la tomate 90 grs,3.2,6/,0.055,
212,MAISON SAINT LO,24 MOIS,Rillettes maquereaux moutarde 90 grs,3.2,6/,0.055,
213,MAISON SAINT LO,24 MOIS,Rillettes de sardine 90 grs,3.2,6/,0.055,
214,MAISON SAINT LO,24 MOIS,Rillettes de sardine aux olives 90 grs,3.2,6/,0.055,
215,MAISON SAINT LO,24 MOIS,Rillettes de saumon 90 grs/12,3.2,6/,0.055,
216,MAISON SAINT LO,24 MOIS,Rillettes de saumon à l'aneth fraîche 90 grs,3.2,6/,0.055,
217,MAISON SAINT LO,24 MOIS,Rillettes de saumon au confit d'oignon 90 grs,3.2,6/,0.055,
218,MAISON SAINT LO,24 MOIS,Rillettes de truite 90 grs,3.2,6/,0.055,
219,MAISON SAINT LO,24 MOIS,Rillettes de truite à l'aneth fraîche 90 grs,3.2,6/,0.055,
220,MAISON SAINT LO,24 MOIS,Rillettes de truite moutarde ancienne 90 grs,3.2,6/,0.055,
221,MAISON SAINT LO,24 MOIS,Rillettes lieu andouille de Vire 90 grs,3.2,6/,0.055,
222,MAISON SAINT LO,24 MOIS,rillettes sardine à la tomate 90 grs,3.2,6/,0.055,
223,MAISON SAINT LO,24 MOIS,Rillettes sardine confit d'oignon 90 grs,3.2,6/,0.055,
224,MAISON SAINT LO,24 MOIS,Rillettes saumon à l'andouille de Vire 90 grs,3.2,6/,0.055,
225,MAISON SAINT LO,24 MOIS,Rillettes saumon au curry 90 grs,3.2,6/,0.055,
226,MAISON SAINT LO,24 MOIS,Rillettes saumon camembert 90 grs,3.2,6/,0.055,
227,MAISON SAINT LO,24 MOIS,Rillettes saumon chèvre 90 grs,3.2,6/,0.055,
228,MAISON SAINT LO,24 MOIS,Mousse de saumon 90 grs,3.2,6/,0.055,
229,MAISON SAINT LO,24 MOIS,Mousse de truite 90 grs,3.2,6/,0.055,
230,MAISON SAINT LO,24 MOIS,Rouille 85 grs,2.8,6/,0.055,
231,LA BRULERIE,12 MOIS,"Café ""la tasse de Lola"" 250 grs",5,20/,0.055,
232,LA BRULERIE,12 MOIS,"Café grains ""la tasse de Lola"" 250 grs",5.08,20/,0.055,
233,TATASSE Sachet Kraft 100g,12 MOIS,Thé noir  God save the tea,5.78,6/,0.055,
234,TATASSE Sachet Kraft 100g,12 MOIS,Thé noir Vahiné,5.78,6/,0.055,
235,TATASSE Sachet Kraft 100g,12 MOIS,Thé noir Blue twist,5.78,6/,0.055,
236,TATASSE Sachet Kraft 100g,12 MOIS,Thé noir Back in Black,5.78,6/,0.055,
237,TATASSE Sachet Kraft 100g,12 MOIS,Thé noir Jeu de l'agrume,5.78,6/,0.055,
238,TATASSE Sachet Kraft 100g,12 MOIS,Thé vert Chaud Mojito,5.78,6/,0.055,
239,TATASSE Sachet Kraft 100g,12 MOIS,Thé vert Tasse de Génie,5.78,6/,0.055,
240,TATASSE Sachet Kraft 100g,12 MOIS,Thé vert Hakuna Matatasse,5.78,6/,0.055,
241,TATASSE Sachet Kraft 100g,12 MOIS,Thé vert Jardin d'agrumes,5.78,6/,0.055,
242,TATASSE Sachet Kraft 100g,12 MOIS,Thé vert Rouge aux joues,5.78,6/,0.055,
243,TATASSE Sachet Kraft 100g,12 MOIS,Thé blanc Blanc de poire,5.78,6/,0.055,
244,TATASSE Sachet Kraft 100g,12 MOIS,Thé blanc Tasse des Bois,5.78,6/,0.055,
245,TATASSE Sachet Kraft 100g,12 MOIS,Thé blanc White Sweetness,5.78,6/,0.055,
246,TATASSE Sachet Kraft 100g,12 MOIS,Tisane Bien être Stop Migraine,5.78,6/,0.055,
247,TATASSE Sachet Kraft 100g,12 MOIS,Tisane Bien être Digest Cup,5.78,6/,0.055,
248,TATASSE Sachet Kraft 100g,12 MOIS,Tisane Bien être Oust le rhume,5.78,6/,0.055,
249,TATASSE Sachet Kraft 100g,12 MOIS,Tisane Bien être Punch Power,5.78,6/,0.055,
250,TATASSE Sachet Kraft 100g,12 MOIS,Tisane Bien être SO Quiet,5.78,6/,0.055,
251,TATASSE Sachet Kraft 100g,12 MOIS,Tisane fruitée La Reine encahntée,5.78,6/,0.055,
252,TATASSE Sachet Kraft 100g,12 MOIS,Tisane fruitée Sorbet Exotique,5.78,6/,0.055,
253,TATASSE Sachet Kraft 100g,12 MOIS,Tisane fruitée La Dame de cœur,5.78,6/,0.055,
254,TATASSE Sachet Kraft 100g,12 MOIS,Detox Jeune et jolie,5.78,6/,0.055,
255,TATASSE Sachet Kraft 100g,12 MOIS,Detox Beau Teint,5.78,6/,0.055,
256,TATASSE Sachet Kraft 100g,12 MOIS,Detox Chill Time,5.78,6/,0.055,
257,TATASSE Sachet Kraft 100g,12 MOIS,Maté KA'MATE KA'MATE,5.78,6/,0.055,
258,TATASSE Sachet Kraft 100g,12 MOIS,Maté Balance,5.78,6/,0.055,
259,TATASSE Sachet Kraft 100g,12 MOIS,Maternité Divine Mama,5.78,6/,0.055,
260,TATASSE Sachet Kraft 100g,12 MOIS,Maternité Voie Lactée,5.78,6/,0.055,
261,TATASSE Sachet Kraft 100g,12 MOIS,Rooibos Lemon Curd,5.78,6/,0.055,
262,TATASSE Sachet Kraft 100g,12 MOIS,Rooibos Cheri Coco,5.78,6/,0.055,
263,TATASSE Sachet Kraft 100g,12 MOIS,Rooibos Saveur Macaron,5.78,6/,0.055,
264,TATASSE Sachet Kraft 100g,12 MOIS,Rooibos Menthe Givrée,5.78,6/,0.055,
265,TATASSE Sachet Kraft 100g,12 MOIS,Rooibos Agrumes Tonic,5.78,6/,0.055,
266,TATASSE Sachet Kraft 100g,12 MOIS,NORMAND Cambremer Pays D'Auge,5.78,6/,0.055,
267,TATASSE Sachet Kraft 100g,12 MOIS,NORMAND Rouen Gros Horloge,5.78,6/,0.055,
268,TATASSE Sachet Kraft 100g,12 MOIS,NORMAND Bayeux et son Bessin,5.78,6/,0.055,
269,TATASSE Sachet Kraft 100g,12 MOIS,NORMAND Caen Ville historique,5.78,6/,0.055,
270,TATASSE Sachet Kraft 100g,12 MOIS,NORMAND Bagnoles de l'Orne,5.78,6/,0.055,
271,TATASSE Sachet Kraft 100g,12 MOIS,NORMAND Mont Saint Michel,5.78,6/,0.055,
272,TATASSE Sachet Kraft 100g,12 MOIS,D-Day Plage du debarquement,5.78,6/,0.055,
273,TATASSE Sachet Kraft 100g,12 MOIS,D-Day Normandie D-DAY,5.78,6/,0.055,
274,TATASSE Sachet Kraft 100g,12 MOIS,D-Day Operation Overlord,5.78,6/,0.055,
275,TATASSE Sachet Kraft 100g,12 MOIS,D-Day Parachutes,5.78,6/,0.055,
276,TATASSE Sachet Kraft 100g,12 MOIS,D-Day Les Alliés,5.78,6/,0.055,
277,TATASSE Sachet Kraft 100g,12 MOIS,D-Day God Save The Queen,5.78,6/,0.055,
278,BALADES NORMANDES,18 MOIS,MOUTARDE 100g Pomme Calvados,4.25,6/,0.055,
279,BALADES NORMANDES,18 MOIS,MOUTARDE 100g Camembert,4.25,6/,0.055,
280,BALADES NORMANDES,18 MOIS,MOUTARDE 100g à l'ancienne au Cidre,4.25,6/,0.055,
281,BALADES NORMANDES,18 MOIS,MOUTARDE 100g à l'ail Noir,4.25,6/,0.055,
282,BALADES NORMANDES,18 MOIS,MOUTARDE 100g au Piment d'Espelette,4.25,6/,0.055,
283,BALADES NORMANDES,18 MOIS,MOUTARDE 100g Poivre Voantsy Perifery,4.25,6/,0.055,
284,BALADES NORMANDES,24 MOIS,CONFITURE pomme caramel 180 gr Mont sr Michel,3.7,6/,0.055,
285,BALADES NORMANDES,24 MOIS,CONFITURE poire vanille 180 gr Plage,3.7,6/,0.055,
286,BALADES NORMANDES,24 MOIS,CONFITURE fruits rouges 180 gr Champs de course,3.7,6/,0.055,
287,BALADES NORMANDES Boîte bois ronde,12 MOIS,CARAMELS d'Isigny Fondant beurre salé 150 g Caen,5.11,6/,0.2,
288,BALADES NORMANDES Boîte bois ronde,12 MOIS,CARAMELS d'Isigny beurre salé 150 g Deauville,5.11,6/,0.2,
289,BALADES NORMANDES Boîte bois ronde,12 MOIS,CARAMELS d'Isigny 150 g Assortiment Normand Vache,5.11,6/,0.2,
290,BALADES NORMANDES Boîte 4 faces,12 MOIS,CARAMELS d'Isigny 200 g Assortiment Normand,7.5,6/,0.2,
291,BALADES NORMANDES Boîte fer,6 MOIS,CARAMELS 1/2 sucrette 100g Ouistreham B-LEC,4.64,6/,0.2,
292,BALADES NORMANDES Boîte fer,6 MOIS,CARAMELS 1/2 sucrette 100g Caen château B-LEC,4.64,6/,0.2,
293,BALADES NORMANDES Boîte fer,6 MOIS,BISCUITS 150g CAEN Mairie,7.31,6/,0.055,
294,BALADES NORMANDES Boîte fer,6 MOIS,BISCUITS 150g Ouistreham B-LEC,7.31,6/,0.055,
295,BALADES NORMANDES Boîte fer,6 MOIS,BISCUITS 150g Caen Château B-LEC,7.31,6/,0.055,
296,BALADES NORMANDES Boîte fer,6 MOIS,BISCUITS 150g Caen cœur de ville Aquarelle,7.31,6/,0.055,
297,BALADES NORMANDES Boîte fer,6 MOIS,Biscuits 150g Pays D'Auge Aquarelle,7.31,6/,0.055,
298,BALADES NORMANDES Boîte fer,6 MOIS,Biscuits 150g Cambremer Aquarelle,7.31,6/,0.055,
299,BALADES NORMANDES,,POMMEAU 35cl Pique-nique sous les pommiers,9,6/,0.2,
300,BALADES NORMANDES D-DAY Boîte bois,12 MOIS,Caramels d'Isigny beurre salé 150 g  D-DAY drapeau,5.11,6/,0.2,
301,BALADES NORMANDES D-DAY Boîte métal,6 MOIS,Caramels d'Isigny 1/2 sucrette 100 g Parachute,4.64,6/,0.2,
302,BALADES NORMANDES D-DAY Boîte métal,6 MOIS,Caramels d'Isigny 1/2 sucrette 100 g OPERATION OVERLORD,4.64,6/,0.2,
303,BALADES NORMANDES D-DAY Boîte métal,6 MOIS,Biscuits 120g JEEP,7.31,6/,0.2,
304,BALADES NORMANDES D-DAY Boîte métal,6 MOIS,Biscuits 120g Barge,7.31,6/,0.2,
305,POM’ POM’,,Calvados Arrangé Pomme Vanille 70 cl,20.9,6/,0.2,Livraisons par 6 mais panachable par 2x3 pour les bouteilles de 70CL
306,POM’ POM’,,Calvados Arrangé Kumquat Café 70 cl,20.9,6/,0.2,Livraisons par 6 mais panachable par 2x3 pour les bouteilles de 70CL
307,POM’ POM’,,Calvados Arrangé Banane Vanille 70 cl,20.9,6/,0.2,Livraisons par 6 mais panachable par 2x3 pour les bouteilles de 70CL
308,POM’ POM’,,Calvados Arrangé Pomme Caramel 70 cl,20.9,6/,0.2,Livraisons par 6 mais panachable par 2x3 pour les bouteilles de 70CL
309,POM’ POM’,,Calvados Arrangé Fraise Poivre de Sichuan 70 cl,20.9,6/,0.2,Livraisons par 6 mais panachable par 2x3 pour les bouteilles de 70CL
310,POM’ POM’,,Calvados Arrangé Epices de Noël Clémentine 70 cl,20.9,6/,0.2,Livraisons par 6 mais panachable par 2x3 pour les bouteilles de 70CL
311,POM’ POM’,,Calvados Arrangé Pomme Menthe 70 cl,20.9,6/,0.2,Livraisons par 6 mais panachable par 2x3 pour les bouteilles de 70CL
312,POM’ POM’,,Calvados Arrangé Ananas Caramel fleur de sel 70 cl,20.9,6/,0.2,Livraisons par 6 mais panachable par 2x3 pour les bouteilles de 70CL
313,POM' POM',,Calvados Arrangé Framboise Basilic,20.9,6/,0.2,Livraisons par 6 mais panachable par 2x3 pour les bouteilles de 70CL
314,POM' POM',,Calvados Arrangé Bergamote Noix de cajou,20.9,6/,0.2,Livraisons par 6 mais panachable par 2x3 pour les bouteilles de 70CL
315,POM’ POM’,,Calva Arrangé Banane extra mûre vanille 18 mois 50 cl,22.9,6/,0.2,Livraisons par 6 mais panachable par 2x3 pour les bouteilles de 70CL
316,POM’ POM’,,Coffret 2 x 20cl INCLUS AVEC LES 20 CL SUR DEMANDE,0,,0.2,Livraisons par 6 mais panachable par 2x3 pour les bouteilles de 70CL
317,POM’ POM’,,Calvados Arrangé Pomme Vanille 20 cl,9.1,9/,0.2,Livraisons par 6 mais panachable par 2x3 pour les bouteilles de 70CL
318,POM’ POM’,,Calvados Arrangé Kumquat Café 20 cl,9.1,9/,0.2,Livraisons par 6 mais panachable par 2x3 pour les bouteilles de 70CL
319,POM’ POM’,,Calvados Arrangé Banane Vanille 20 cl,9.1,9/,0.2,Livraisons par 6 mais panachable par 2x3 pour les bouteilles de 70CL
320,POM’ POM’,,Calvados Arrangé Pomme Caramel 20 cl,9.1,9/,0.2,Livraisons par 6 mais panachable par 2x3 pour les bouteilles de 70CL
321,MAISON HEROUT,,Cidre bio Cotentin AOC brut  75 cl,4.62,6/,0.2,
322,MAISON HEROUT,,Cidre bio Cotentin AOC brut 2018 et 2019 150 cl,10.34,3/,0.2,
323,MAISON HEROUT,,Grande cuvée Cotentin AOC extra brut 2018-2019 75 cl,5.28,6/,0.2,
324,MAISON HEROUT,,Cidre bio Cotentin AOC extra brut 2018 puis 2019 150 cl,11.66,3/,0.2,
325,MAISON HEROUT,,Cidre bio cuvée gourmande demi sec 75 cl,4.29,6/,0.2,
326,MAISON HEROUT,,Cidre bio micro cuvée N°1 vieilli fût chêne75 cl 2021,7.48,6/,0.2,
327,MAISON HEROUT,,Cidre bio micro cuvée N°1 vieilli fût chêne150 cl 2019,16.06,6/,0.2,
328,MAISON HEROUT,,Cidre bio micro cuvée N°2 cidre dégorgé 75 cl 2020,8.36,6/,0.2,
329,MAISON HEROUT,,Cidre bio micro cuvée N°3 cidre fermenté barriques de vin,10.23,6/,0.2,
330,MAISON HEROUT,,Cidre bio micro cuvée N°4 Variétés acidulées,7.15,6/,0.2,
331,MAISON HEROUT,,Cidre bio micro cuvée N°5 assemblage 50% amer 50% acidulé,7.15,6/,0.2,
332,MAISON HEROUT,,Amour d'Hérout brut 33 cl cidre IGP,1.93,12/,0.2,
333,MAISON HEROUT,,Amour d'Hérout brut 75 cl cidre IGP,3.85,6/,0.2,
334,MAISON HEROUT,,Amour d'Hérout doux 33 cl cidre IGP,1.93,12/,0.2,
335,MAISON HEROUT,,Calvados Héritage 12 ans d'âge 20 cl,16.06,12/,0.2,
336,MAISON HEROUT,,Calvados Héritage 12 ans d'âge 35 cl,25.25,6/,0.2,
337,MAISON HEROUT,,Calvados Héritage 12 ans d'âge 70 cl,43.34,6/,0.2,
338,MAISON HEROUT,,Calvados Héritage 12 ans d'âge 150 cl,96.69,1/,0.2,
339,MAISON HEROUT,,Calvados AOC-XO hors d'âge 6 ans 20 cl,13.53,6/,0.2,
340,MAISON HEROUT,,Calvados AOC-XO hors d'âge 6 ans 35 cl,21.23,6/,0.2,
341,MAISON HEROUT,,Calvados AOC-XO hors d'âge 6 ans 70 cl,36.52,6/,0.2,
342,MAISON HEROUT,,Calvados AOC-XO hors d'âge 6 ans 150 cl,82.83,1/,0.2,
343,MAISON HEROUT,,Calvados AOC-VSOP vielle réserve 4 ans 20 cl,11.33,6/,0.2,
344,MAISON HEROUT,,Calvados AOC-VSOP vielle réserve 4 ans 35 cl,17.82,6/,0.2,
345,MAISON HEROUT,,Calvados AOC-VSOP vielle réserve 4 ans 70 cl,30.7,6/,0.2,
346,MAISON HEROUT,,Calvados AOC-VSOP vielle réserve 4 ans 150 cl,69.85,1/,0.2,
347,MAISON HEROUT,,Calvados VS 2 ans 20 cl,9.57,6/,0.2,
348,MAISON HEROUT,,Calvados VS 2 ans 70 cl,25.41,6/,0.2,
349,MAISON HEROUT,,BLANCHE d'alambic bio 70 cl,23.65,6/,0.2,
350,MAISON HEROUT,,BLANCHE d'alambic bio 20 cl,8.75,12/,0.2,
351,MAISON HEROUT,,Pommeau bio 70 cl,15.18,6/,0.2,
352,MAISON HEROUT,,pommeau bio 20 cl,6.27,6/,0.2,
353,MAISON HEROUT,,Jus de pomme bio 25 cl,1.98,24/,0.055,
354,MAISON HEROUT,,Jus de pomme bio 100 cl,3.85,6/,0.055,
355,MAISON HEROUT,,jus de pomme bio 300 cl bib,9.68,4/,0.055,
356,MAISON HEROUT,,Vinaigre de cidre bio 25 cl,4.07,12/,0.055,
357,MAISON HEROUT,,Vinaigre de cidre bio 50 cl,5.94,12/,0.055,
358,MAISON HEROUT,,"Jus de pomme Pétillant bio ""Prout"" 75cl NOUVEAU",3.52,6/,0.055,
359,GAEC DE CLAIDS,,Cidre Cotentin extra brut 75 cl,3.8,6/,0.2,
360,GAEC DE CLAIDS,,Cidre Cotentin extra brut selection 75 cl,7.6,6/,0.2,
361,GAEC DE CLAIDS,,Cidre Cotentin brut 75 cl,3.8,6/,0.2,
362,GAEC DE CLAIDS,,Cidre Cotentin brut 33 cl,2.25,6/,0.2,
363,GAEC DE CLAIDS,,Cidre Cotentin demi-sec 75 cl,4.32,6/,0.2,
364,GAEC DE CLAIDS,,Cidre Cotentin doux 75 cl,3.6,6/,0.2,
365,GAEC DE CLAIDS,,Fine de Claids 35 cl 40°,18,6/,0.2,
366,GAEC DE CLAIDS,,Calvados 5 ans 35cl,18.1,6/,0.2,
367,GAEC DE CLAIDS,,Calvados 5 ans 70cl,27,6/,0.2,
368,GAEC DE CLAIDS,,Calvados 7 ans 70cl,28.5,6/,0.2,
369,GAEC DE CLAIDS,,Fine de Claids 70 cl 40°,30.2,6/,0.2,
370,GAEC DE CLAIDS,,Pommeau de Normandie 35 cl 17°,7.25,6/,0.2,
371,GAEC DE CLAIDS,,Pommeau de Normandie 70 cl 17°,11.35,6/,0.2,
372,GAEC DE CLAIDS,,Apéro Claids 70 cl 12°,10.35,6/,0.2,
373,GAEC DE CLAIDS,,"Liqueur 44 ""le chiffre Claids"" 35 cl 32°",16.2,6/,0.2,
374,GAEC DE CLAIDS,,"Liqueur 44 ""le chiffre Claids"" 70 cl 32°",25.5,6/,0.2,
375,GAEC DE CLAIDS,,"""Keys' Claids"" 70 cl 41°",38.33,6/,0.2,
376,GAEC DE CLAIDS,,Jus de pomme 100 cl,3.3,6/,0.055,
377,GAEC DE CLAIDS,,Jus de pomme 25 cl,1.9,12/,0.055,
378,GAEC DE CLAIDS,,Aigrette de Claids (vinaigre de cidre) 50 cl,3.15,6/,0.055,
379,FERME DU LOTEROT,,Crème de Calvados 70 cl,13.5,6/,0.2,
380,FERME DU LOTEROT,,Crème de Calvados 35 cl,9.1,9/,0.2,
381,FERME DU LOTEROT,,Liqueur 44 35 cl 40°,15.4,9/,0.2,
382,BRASSERIE LA LIE,,Bière blonde 33 cl / 24 Au prés de ma blonde,1.96,24/,0.2,Attention !! / BRASSERIE LALIE / EXPEDITION / PAR / TRANSPORTEUR / UNIQUEMENT / A PARTIR / DE 8 CARTONS / OU / 6 CARTONS / ET / 5 DEMI-METRES
383,BRASSERIE LA LIE,,Bière blonde 75 cl / 9 Au prés de ma blonde,3.64,9/,0.2,Attention !! / BRASSERIE LALIE / EXPEDITION / PAR / TRANSPORTEUR / UNIQUEMENT / A PARTIR / DE 8 CARTONS / OU / 6 CARTONS / ET / 5 DEMI-METRES
384,BRASSERIE LA LIE,,Bière ambrée 33 cl / 24 Ambrée du hameau,1.96,24/,0.2,Attention !! / BRASSERIE LALIE / EXPEDITION / PAR / TRANSPORTEUR / UNIQUEMENT / A PARTIR / DE 8 CARTONS / OU / 6 CARTONS / ET / 5 DEMI-METRES
385,BRASSERIE LA LIE,,Bière ambrée 75 cl / 9 Ambrée du hameau,3.64,9/,0.2,Attention !! / BRASSERIE LALIE / EXPEDITION / PAR / TRANSPORTEUR / UNIQUEMENT / A PARTIR / DE 8 CARTONS / OU / 6 CARTONS / ET / 5 DEMI-METRES
386,BRASSERIE LA LIE,,Bière blanche 33 cl / 24 La Caennette,1.96,24/,0.2,Attention !! / BRASSERIE LALIE / EXPEDITION / PAR / TRANSPORTEUR / UNIQUEMENT / A PARTIR / DE 8 CARTONS / OU / 6 CARTONS / ET / 5 DEMI-METRES
387,BRASSERIE LA LIE,,Bière blanche 75 cl / 9 La Caennette,3.64,9/,0.2,Attention !! / BRASSERIE LALIE / EXPEDITION / PAR / TRANSPORTEUR / UNIQUEMENT / A PARTIR / DE 8 CARTONS / OU / 6 CARTONS / ET / 5 DEMI-METRES
388,BRASSERIE LA LIE,,Bière brune 33 cl / 24 Quai des brune,1.96,24/,0.2,Attention !! / BRASSERIE LALIE / EXPEDITION / PAR / TRANSPORTEUR / UNIQUEMENT / A PARTIR / DE 8 CARTONS / OU / 6 CARTONS / ET / 5 DEMI-METRES
389,BRASSERIE LA LIE,,Bière brune 75 cl / 9 Quai des brunes,3.64,9/,0.2,Attention !! / BRASSERIE LALIE / EXPEDITION / PAR / TRANSPORTEUR / UNIQUEMENT / A PARTIR / DE 8 CARTONS / OU / 6 CARTONS / ET / 5 DEMI-METRES
390,BRASSERIE LA LIE,,Bière triple 33 cl / 24 Triple à la mode de Caen,2.01,24/,0.2,Attention !! / BRASSERIE LALIE / EXPEDITION / PAR / TRANSPORTEUR / UNIQUEMENT / A PARTIR / DE 8 CARTONS / OU / 6 CARTONS / ET / 5 DEMI-METRES
391,BRASSERIE LA LIE,,Bière triple 75 cl / 9 Triple à la mode de Caen,3.8,9/,0.2,Attention !! / BRASSERIE LALIE / EXPEDITION / PAR / TRANSPORTEUR / UNIQUEMENT / A PARTIR / DE 8 CARTONS / OU / 6 CARTONS / ET / 5 DEMI-METRES
392,BRASSERIE LA LIE,,Bière rousse Conté fleurette 33 cl / 24,1.96,24/,0.2,Attention !! / BRASSERIE LALIE / EXPEDITION / PAR / TRANSPORTEUR / UNIQUEMENT / A PARTIR / DE 8 CARTONS / OU / 6 CARTONS / ET / 5 DEMI-METRES
393,BRASSERIE LA LIE,,Bière rousse Conté fleurette 75 cl / 9,3.64,9/,0.2,Attention !! / BRASSERIE LALIE / EXPEDITION / PAR / TRANSPORTEUR / UNIQUEMENT / A PARTIR / DE 8 CARTONS / OU / 6 CARTONS / ET / 5 DEMI-METRES
394,BRASSERIE LA LIE,,Bière blonde Pale Ale  33 cl / 24 la Suisse Normande,1.96,24/,0.2,Attention !! / BRASSERIE LALIE / EXPEDITION / PAR / TRANSPORTEUR / UNIQUEMENT / A PARTIR / DE 8 CARTONS / OU / 6 CARTONS / ET / 5 DEMI-METRES
395,BRASSERIE LA LIE,,Bière blonde Pale Ale  75 cl / 9 la Suisse Normande,3.64,9/,0.2,Attention !! / BRASSERIE LALIE / EXPEDITION / PAR / TRANSPORTEUR / UNIQUEMENT / A PARTIR / DE 8 CARTONS / OU / 6 CARTONS / ET / 5 DEMI-METRES
396,BRASSERIE LA LIE,,Bière de Noel 33 cl / 24 ça sent le sapin,1.96,24/,0.2,Attention !! / BRASSERIE LALIE / EXPEDITION / PAR / TRANSPORTEUR / UNIQUEMENT / A PARTIR / DE 8 CARTONS / OU / 6 CARTONS / ET / 5 DEMI-METRES
397,BRASSERIE LA LIE,,Bière de Noel 75 cl / 9 ça sent le sapin,3.64,9/,0.2,Attention !! / BRASSERIE LALIE / EXPEDITION / PAR / TRANSPORTEUR / UNIQUEMENT / A PARTIR / DE 8 CARTONS / OU / 6 CARTONS / ET / 5 DEMI-METRES
398,BRASSERIE LA LIE,,Bière édition limité du moment 33 cl / 24,1.96,24/,0.2,Attention !! / BRASSERIE LALIE / EXPEDITION / PAR / TRANSPORTEUR / UNIQUEMENT / A PARTIR / DE 8 CARTONS / OU / 6 CARTONS / ET / 5 DEMI-METRES
399,BRASSERIE LA LIE,,Bière édition limité du moment 75 cl / 9,3.64,9/,0.2,Attention !! / BRASSERIE LALIE / EXPEDITION / PAR / TRANSPORTEUR / UNIQUEMENT / A PARTIR / DE 8 CARTONS / OU / 6 CARTONS / ET / 5 DEMI-METRES
400,BRASSERIE LA LIE,,Pack 6 bouteilles 33 cl,0.85,6/,0.2,Attention !! / BRASSERIE LALIE / EXPEDITION / PAR / TRANSPORTEUR / UNIQUEMENT / A PARTIR / DE 8 CARTONS / OU / 6 CARTONS / ET / 5 DEMI-METRES
401,BRASSERIE LA LIE,,Pack 6 bouteilles 33 cl + 2 verres,1.16,6/,0.2,Attention !! / BRASSERIE LALIE / EXPEDITION / PAR / TRANSPORTEUR / UNIQUEMENT / A PARTIR / DE 8 CARTONS / OU / 6 CARTONS / ET / 5 DEMI-METRES
402,BRASSERIE LA LIE,,Pack 3 bouteilles 75 cl,1.06,6/,0.2,Attention !! / BRASSERIE LALIE / EXPEDITION / PAR / TRANSPORTEUR / UNIQUEMENT / A PARTIR / DE 8 CARTONS / OU / 6 CARTONS / ET / 5 DEMI-METRES
403,BRASSERIE LA LIE,,Pack 1 bouteilles 75 cl + 2 verres,1.12,6/,0.2,Attention !! / BRASSERIE LALIE / EXPEDITION / PAR / TRANSPORTEUR / UNIQUEMENT / A PARTIR / DE 8 CARTONS / OU / 6 CARTONS / ET / 5 DEMI-METRES
404,BRASSERIE LA LIE,,Demi mètre craft logoté composé de 9 bières 33 cl,21.35,5/,0.2,Attention !! / BRASSERIE LALIE / EXPEDITION / PAR / TRANSPORTEUR / UNIQUEMENT / A PARTIR / DE 8 CARTONS / OU / 6 CARTONS / ET / 5 DEMI-METRES
405,BRASSERIE LA LIE,,Pinte 50 cl Brasserie Lalie,2.38,6/,0.2,Attention !! / BRASSERIE LALIE / EXPEDITION / PAR / TRANSPORTEUR / UNIQUEMENT / A PARTIR / DE 8 CARTONS / OU / 6 CARTONS / ET / 5 DEMI-METRES
406,BRASSERIE LA LIE,,Verre à bière Brasserie Lalie 25 cl,2.1,6/,0.2,Attention !! / BRASSERIE LALIE / EXPEDITION / PAR / TRANSPORTEUR / UNIQUEMENT / A PARTIR / DE 8 CARTONS / OU / 6 CARTONS / ET / 5 DEMI-METRES
407,LES ARPENTS DU SOLEIL,,CONNIVENCE BLANC 75 cl  14° en coffret de 6,15.9,6/,0.2,
408,LES ARPENTS DU SOLEIL,,PINOT NOIR 50 CL rouge 12 ° en coffret de 6,8.8,6/,0.2,
409,LES ARPENTS DU SOLEIL,,PINOT NOIR magnum 150 CL rouge 12 ° en coffret de 3,28.75,3/,0.2,
410,LES ARPENTS DU SOLEIL,,AUXERROIS 50 CL blanc 12 °  en coffret de 6,6.75,6/,0.2,
411,LES ARPENTS DU SOLEIL,,PINOT Gris 50 CL en coffret de 6,8.8,6/,0.2,
412,LES ARPENTS DU SOLEIL,,AUXERROIS magnum 150 CL blanc 12 °  en coffret de 3,28.75,3/,0.2,
413,DISTILLERIE C'EST NOUS,,Gin 40° 70 cl   Echantillon gratuit pour 6 sur demande,23.25,6/,0.2,Livraisons par 6 mais panachable par 2x3 pour les bouteilles de 70CL / panachage a volonté pour les 20cl
414,DISTILLERIE C'EST NOUS,,Gin 40 ° 20 cl,9.4,12/,0.2,Livraisons par 6 mais panachable par 2x3 pour les bouteilles de 70CL / panachage a volonté pour les 20cl
415,DISTILLERIE C'EST NOUS,,Gin 40° 70 cl   Concombre-basilic-pomme Echantillon gratuit sur demande,23.25,6/,0.2,Livraisons par 6 mais panachable par 2x3 pour les bouteilles de 70CL / panachage a volonté pour les 20cl
416,DISTILLERIE C'EST NOUS,,Gin fusion  21 ° Rhubarbe Menthe 50 cl,13.8,6/,0.2,Livraisons par 6 mais panachable par 2x3 pour les bouteilles de 70CL / panachage a volonté pour les 20cl
417,DISTILLERIE C'EST NOUS,,Gin fusion 21° Framboise Hibiscus 50 cl,13.8,6/,0.2,Livraisons par 6 mais panachable par 2x3 pour les bouteilles de 70CL / panachage a volonté pour les 20cl
418,DISTILLERIE C'EST NOUS,,Vodka 40° 70 cl  Echantillon gratuit pour 6 sur demande,20.7,6/,0.2,Livraisons par 6 mais panachable par 2x3 pour les bouteilles de 70CL / panachage a volonté pour les 20cl
419,DISTILLERIE C'EST NOUS,,Vodka Normande 40° 20 cl,9.4,12/,0.2,Livraisons par 6 mais panachable par 2x3 pour les bouteilles de 70CL / panachage a volonté pour les 20cl
420,DISTILLERIE C'EST NOUS,,Liqueur de café Cold brew 25° 70 cl Echantillon gratuit pour 6 sur demande,19.5,6/,0.2,Livraisons par 6 mais panachable par 2x3 pour les bouteilles de 70CL / panachage a volonté pour les 20cl
421,DISTILLERIE C'EST NOUS,,Liqueur de café Cold brew 25° 20 cl,8.5,12/,0.2,Livraisons par 6 mais panachable par 2x3 pour les bouteilles de 70CL / panachage a volonté pour les 20cl
422,DISTILLERIE C'EST NOUS,,Limoncello 50 cl Liqueur de citron Echantillon gratuit pour 6 sur demande,14.6,6/,0.2,Livraisons par 6 mais panachable par 2x3 pour les bouteilles de 70CL / panachage a volonté pour les 20cl
423,DISTILLERIE C'EST NOUS,,"Rhum botanique ""Jardin à l'Anglaise"" 70 cl 40° Nouveau design",24.85,6/,0.2,Livraisons par 6 mais panachable par 2x3 pour les bouteilles de 70CL / panachage a volonté pour les 20cl
424,DISTILLERIE C'EST NOUS,,"Rhum botanique ""Le chaleureux"" 70 cl 40° Nouveau design",24.85,6/,0.2,Livraisons par 6 mais panachable par 2x3 pour les bouteilles de 70CL / panachage a volonté pour les 20cl
425,DISTILLERIE C'EST NOUS,,"Les singuliers ""Cask finish"" 50 cl",19,6/,0.2,Livraisons par 6 mais panachable par 2x3 pour les bouteilles de 70CL / panachage a volonté pour les 20cl
426,DISTILLERIE C'EST NOUS,,"Coffret 3 X 20 cl Gin, Vodka et Cold brew,",33.35,3/ -6/,0.2,Livraisons par 6 mais panachable par 2x3 pour les bouteilles de 70CL / panachage a volonté pour les 20cl
427,DISTILLERIE C'EST NOUS,,PASTIS du verger Echantillon gratuit pour 6 sur demande,19.3,6/,0.2,Livraisons par 6 mais panachable par 2x3 pour les bouteilles de 70CL / panachage a volonté pour les 20cl
428,LISANE,,Savon Bebe hypoallergenique beurre karité,3.5,6/,0.2,
429,LISANE,,"Lait démaquillant parfum ""fleur de pommier""",8.5,6/,0.2,
430,LISANE,,Savon 100 grs lait,2.9,6/,0.2,
431,LISANE,,Savon 100 grs amande douce,2.9,6/,0.2,
432,LISANE,,Savon 100 grs chèvrefeuille,2.9,6/,0.2,
433,LISANE,,Savon 100 grs miel,2.9,6/,0.2,
434,LISANE,,Savon 100 grs thé,2.9,6/,0.2,
435,LISANE,,Savon 100 grs marine,2.9,6/,0.2,
436,LISANE,,Savon 100 grs rose,2.9,6/,0.2,
437,LISANE,,Savon 100 grs fleur de pommier,2.9,6/,0.2,
438,LISANE,,Bain douche 250 ml lait,7.7,3/,0.2,
439,LISANE,,Bain douche 250 ml amande douce,7.7,3/,0.2,
440,LISANE,,Bain douche 250 ml thé blanc,7.7,3/,0.2,
441,LISANE,,Bain douche 250 ml marine,7.7,3/,0.2,
442,LISANE,,Bain douche 250 ml chèvrefeuille,7.7,3/,0.2,
443,LISANE,,Bain douche 250 ml avoine,7.7,3/,0.2,
444,LISANE,,Bain douche 250 ml fleur de pommier,7.7,3/,0.2,
445,LISANE,,Shampoing 200 ml,7.8,3/,0.2,
446,LISANE,,Crème hydratante 50 ml,11.3,3/,0.2,
447,LISANE,,Crème antiride 50 ml,12.8,3/,0.2,
448,LISANE,,Lait corporel 200 ml,13.7,3/,0.2,
449,LISANE,,Crème pieds 50 ml,8.45,3/,0.2,
450,LISANE,,Crème main 50 ml,8.45,3/,0.2,
451,Rucher du bocage Virois,24 MOIS,Miel de Fleurs de Normandie 250gr,4.25,12/,0.055,Colissage par 12 parfums au choix
452,Rucher du bocage Virois,24 MOIS,Miel de Fleurs de Normandie 500gr,6.3,12/,0.055,Colissage par 12 parfums au choix
453,Rucher du bocage Virois,24 MOIS,Miel d'Acacia 250gr,5.8,12/,0.055,Colissage par 12 parfums au choix
454,Rucher du bocage Virois,24 MOIS,Miel d'Acacia 500gr,9.4,12/,0.055,Colissage par 12 parfums au choix
455,Rucher du bocage Virois,24 MOIS,Miel de Tilleul 250gr,5.8,12/,0.055,Colissage par 12 parfums au choix
456,Rucher du bocage Virois,24 MOIS,Miel de Tilleul 500gr,9.4,12/,0.055,Colissage par 12 parfums au choix
457,Rucher du bocage Virois,24 MOIS,Miel de Chataigner 250gr,5.8,12/,0.055,Colissage par 12 parfums au choix
458,Rucher du bocage Virois,24 MOIS,Miel de Chataigner 500gr,9.4,12/,0.055,Colissage par 12 parfums au choix
459,Rucher du bocage Virois,24 MOIS,Miel de Foret 250gr,5.8,12/,0.055,Colissage par 12 parfums au choix
460,Rucher du bocage Virois,24 MOIS,Miel de Foret 500gr,9.4,12/,0.055,Colissage par 12 parfums au choix
461,Rucher du bocage Virois Barquette en bois,"2,5 MOIS",Pain D'épices Nature 100gr,1.9,12/,,Colissage par 12 parfums au choix
462,Rucher du bocage Virois Barquette en bois,"2,5 MOIS",Pain D'épices Nature 250gr,3.8,12/,0.055,Colissage par 12 parfums au choix
463,Rucher du bocage Virois Barquette en bois,"2,5 MOIS",Pain D'épices aux pépites de Chocolats  250gr,3.95,12/,0.055,Colissage par 12 parfums au choix
464,Rucher du bocage Virois Barquette en bois,"2,5 MOIS",Pain D'épices aux éclats de Noix  250gr,3.95,12/,0.055,Colissage par 12 parfums au choix
465,Rucher du bocage Virois Barquette en bois,"2,5 MOIS",Pain D'épices aux écorces d'Oranges  250gr,3.95,12/,0.055,Colissage par 12 parfums au choix
466,Rucher du bocage Virois Barquette en bois,"2,5 MOIS",Pain D'épices aux Figues 250gr (fin d'année),3.95,12/,0.055,Colissage par 12 parfums au choix
467,Rucher du bocage Virois,,Hydromel 75cl (fait a façon),11.1,6/,0.055,
468,Rucher du bocage Virois,,Vinaigre de Miel 50cl (fait a façon),5.95,6/,0.055,
469,Rucher du bocage Virois,24 MOIS,Bonbons au Miel 250gr,3.75,6/,0.2,
470,Rucher du bocage Virois,24 MOIS,Bonbons au Miel et Eucalyptus 250gr,3.75,6/,0.2,
471,Rucher du bocage Virois,24 MOIS,Bonbons au Miel et Sève de Pin 250gr,3.75,6/,0.2,
472,Rucher du bocage Virois,24 MOIS,Bonbons Fourrés au Miel 250gr,4,6/,0.2,
473,Rucher du bocage Virois,24 MOIS,Bonbons berlingot au Miel 150gr,3.2,6/,0.2,
474,Rucher du bocage Virois,4 MOIS,Nougat tendre Amandes Noisettes 100gr,4,6/,0.2,
475,Rucher du bocage Virois,4 MOIS,Nougat tendre Amandes Noisettes Pistaches 100gr,4.4,6/,0.2,
476,Rucher du bocage Virois,4 MOIS,Nougat tendre Amandes Noisettes M&M's 100gr,4.4,6/,0.2,
477,Rucher du bocage Virois,4 MOIS,Nougat tendre Noix de Pécan Caramel beurre salé 100gr,4.4,6/,0.2,
478,Rucher du bocage Virois,4 MOIS,Bouchées Nougat tendre 100gr emballage individuel,4.9,6/,0.2,
479,Rucher du bocage Virois,4 MOIS,Bouchées Nougat tendre emballage individuel EN VRAC,"45,50€/kg",,0.2,
480,DOMAINE DES HAUTS VENTS,,"Balsamique de pommes ""onctueux""  20cl",11.6,6/,0.055,
481,DOMAINE DES HAUTS VENTS,,"Cidre de Glace 37,5cl 12%",14.3,6/,0.2,
482,BARBAQUES charcutier salaisonnier,2 mois,Saucisson sec nature env 225gr,6.35,6/,0.055,
483,BARBAQUES charcutier salaisonnier,2 mois,Saucisson épices vin rouge env 225gr,6.95,6/,0.055,
484,BARBAQUES charcutier salaisonnier,2 mois,Chorisson env 225gr,7.5,6/,0.055,
485,BARBAQUES charcutier salaisonnier,3 mois,Cœur de roti (COPPA) env 200gr,7.98,1/,0.055,
486,BARBAQUES charcutier salaisonnier,3 mois,Noix de roti (LONZU) env 200gr,7.98,1/,0.055,
487,BARBAQUES charcutier salaisonnier,3 mois,Bœuf Normand séché env 200gr,13.7,1/,0.055,
488,BARBAQUES charcutier salaisonnier,3 mois,Gorge de porc séché facon Guanciale env 200gr,7.98,1/,0.055,
489,BARBAQUES charcutier salaisonnier,3 mois,Saucisse seche env 175gr,6.47,1/,0.055,
490,BARBAQUES charcutier salaisonnier,,Disponible également en piéce entiére pour la coupe,au kilo,,0.055,
491,Huète'Ca,12 mois,Beurre de Cacahuètes Nature 300g,4.08,6/,0.055,
492,Huète'Ca,12 mois,"Beurre de Cacahuètes ""Crunchy"" 300g",4.08,6/,0.055,
493,Huète'Ca,12 mois,"Beurre de Cacahuètes ""Chouchou"" 300g",4.08,6/,0.055,
494,Huète'Ca,13 mois,Beurre 100% Cacahuetes sans sucre ajouté 300g,4.08,6/,0.055,
495,SKINFAXI,,Moscow Mule 70cl 16%,12.6,2/,0.2,MINIMUM DE COMMANDE DE 6 BOUTEILLES
496,SKINFAXI,,Pornstar Martini 70cl 16%,12.6,2/,0.2,MINIMUM DE COMMANDE DE 6 BOUTEILLES
497,SKINFAXI,,Espresso Martini 70cl 16%,12.6,2/,0.2,MINIMUM DE COMMANDE DE 6 BOUTEILLES
498,SKINFAXI,,Sex on the Beach 70cl 16%,12.6,2/,0.2,MINIMUM DE COMMANDE DE 6 BOUTEILLES
499,SKINFAXI,,Cosmopolitan 70cl 16%,12.6,2/,0.2,MINIMUM DE COMMANDE DE 6 BOUTEILLES
500,SKINFAXI,,American Plum Sour 70cl 16%,12.6,2/,0.2,MINIMUM DE COMMANDE DE 6 BOUTEILLES
501,SKINFAXI,,"Vodka Arrangée Mangue Abricot 70cl 16,2%",18.9,2/,0.2,MINIMUM DE COMMANDE DE 6 BOUTEILLES
502,SKINFAXI,,"Vodka Arrangée Romarin Pamplemousse 70cl 16,2%",18.9,2/,0.2,MINIMUM DE COMMANDE DE 6 BOUTEILLES
503,SKINFAXI,,"Vodka Arrangée Rhubarbe Sichuan 70cl 16,2%",18.9,2/,0.2,MINIMUM DE COMMANDE DE 6 BOUTEILLES
504,SKINFAXI,,"Vodka Arrangée Banane Vanille 70cl 16,2%",18.9,2/,0.2,MINIMUM DE COMMANDE DE 6 BOUTEILLES
505,CROCAEN'T billes chocolatées,8 mois,Petite boite ronde 90gr,5.55,10/,0.055,PANACHABLE A VOLONTE ET PARFUMS AU CHOIX A PRECISER LORS DE LA COMMANDE
506,CROCAEN'T billes chocolatées,8 mois,Grande boite ronde 150gr,8.35,6/,0.055,PANACHABLE A VOLONTE ET PARFUMS AU CHOIX A PRECISER LORS DE LA COMMANDE
507,CROCAEN'T billes chocolatées,8 mois,Sachet Kraft 100gr,5.55,10/,0.055,PANACHABLE A VOLONTE ET PARFUMS AU CHOIX A PRECISER LORS DE LA COMMANDE
508,CROCAEN'T billes chocolatées,8 mois,Boite prestige 200gr,14.36,6/,0.055,PANACHABLE A VOLONTE ET PARFUMS AU CHOIX A PRECISER LORS DE LA COMMANDE
509,CROCAEN'T billes chocolatées,8 mois,Boite prestige 250gr,17.96,6/,0.055,PANACHABLE A VOLONTE ET PARFUMS AU CHOIX A PRECISER LORS DE LA COMMANDE
510,CROCAEN'T billes chocolatées,8 mois,Boite prestige 320gr,23.52,6/,0.055,PANACHABLE A VOLONTE ET PARFUMS AU CHOIX A PRECISER LORS DE LA COMMANDE
511,CROCAEN'T billes chocolatées,8 mois,Coffret 480gr,28.7,6/,0.055,PANACHABLE A VOLONTE ET PARFUMS AU CHOIX A PRECISER LORS DE LA COMMANDE
512,CROCAEN'T billes chocolatées,8 mois,Billes chocolatées Vrac,48,kg,0.055,PANACHABLE A VOLONTE ET PARFUMS AU CHOIX A PRECISER LORS DE LA COMMANDE
