ligne_source,gamme,sous_gamme,article,reference,poids,prix_ht_colonne_G,libelle_colonne_G,tva,ean,colisage,prix_colonne_K,libelle_colonne_K
4,LES BOÎTES BOIS (page 4),BEURRE SALÉ,BOÎTE BOIS RONDE BEURRE SALÉ,NC01805,75G,2.85,Prix unitaire HT,0.2,3498751018059,20,,COLISAGE
5,LES BOÎTES BOIS (page 4),BEURRE SALÉ,BOÎTE BOIS RONDE BEURRE SALÉ,NC01955,150G,4.25,Prix unitaire HT,0.2,3498751019551,12,,COLISAGE
6,LES BOÎTES BOIS (page 4),BEURRE SALÉ,BOÎTE BOIS CARRÉE BEURRE SALÉ,NC01815,75G,2.85,Prix unitaire HT,0.2,3498751018158,24,,COLISAGE
7,LES BOÎTES BOIS (page 4),BEURRE SALÉ,BOÎTE BOIS CARRÉE BEURRE SALÉ,NC01865,150G,4.25,Prix unitaire HT,0.2,3498751018653,12,,COLISAGE
9,LES BOÎTES BOIS (page 4),FONDANT BEURRE SALÉ,BOÎTE BOIS RONDE FONDANT BEURRE SALÉ,NC01810,75G,2.85,Prix unitaire HT,0.2,3498751018103,20,,COLISAGE
10,LES BOÎTES BOIS (page 4),FONDANT BEURRE SALÉ,BOÎTE BOIS RONDE FONDANT BEURRE SALÉ,NC01950,150G,4.25,Prix unitaire HT,0.2,3498751019506,12,,COLISAGE
11,LES BOÎTES BOIS (page 4),FONDANT BEURRE SALÉ,BOÎTE BOIS CARRÉE FONDANT BEURRE SALÉ,NC01830,75G,2.85,Prix unitaire HT,0.2,3498751018301,24,,COLISAGE
12,LES BOÎTES BOIS (page 4),FONDANT BEURRE SALÉ,BOÎTE BOIS CARRÉE FONDANT BEURRE SALÉ,NC01860,150G,4.25,Prix unitaire HT,0.2,3498751018608,12,,COLISAGE
14,LES BOÎTES BOIS (page 4),ASSORTIMENT TRADITION,BOÎTE BOIS RONDE ASSORTIMENT TRADITION,NC01808,75G,2.85,Prix unitaire HT,0.2,3498751018080,20,,COLISAGE
15,LES BOÎTES BOIS (page 4),ASSORTIMENT TRADITION,BOÎTE BOIS RONDE ASSORTIMENT TRADITION,NC01958,150G,4.25,Prix unitaire HT,0.2,3498751019582,12,,COLISAGE
16,LES BOÎTES BOIS (page 4),ASSORTIMENT TRADITION,BOÎTE BOIS CARRÉE ASSORTIMENT TRADITION,NC01818,75G,2.85,Prix unitaire HT,0.2,3498751018189,24,,COLISAGE
17,LES BOÎTES BOIS (page 4),ASSORTIMENT TRADITION,BOÎTE BOIS CARRÉE ASSORTIMENT TRADITION,NC01868,150G,4.25,Prix unitaire HT,0.2,3498751018684,12,,COLISAGE
19,LES BOÎTES BOIS (page 4),ASSORTIMENT FONDANTS,BOÎTE BOIS RONDE ASSORTIMENT FONDANTS,NC01807,75G,2.85,Prix unitaire HT,0.2,3498751018073,20,,COLISAGE
20,LES BOÎTES BOIS (page 4),ASSORTIMENT FONDANTS,BOÎTE BOIS RONDE ASSORTIMENT FONDANTS,NC01957,150G,4.25,Prix unitaire HT,0.2,3498751019575,12,,COLISAGE
21,LES BOÎTES BOIS (page 4),ASSORTIMENT FONDANTS,BOÎTE BOIS CARRÉE ASSORTIMENT FONDANTS,NC01817,75G,2.85,Prix unitaire HT,0.2,3498751018172,24,,COLISAGE
22,LES BOÎTES BOIS (page 4),ASSORTIMENT FONDANTS,BOÎTE BOIS CARRÉE ASSORTIMENT FONDANTS,NC01867,150G,4.25,Prix unitaire HT,0.2,3498751018677,12,,COLISAGE
24,LES BOÎTES BOIS (page 4),ASSORTIMENT NORMANDIE,BOÎTE BOIS RONDE ASSORTIMENT NORMANDIE,NC01806,75G,2.85,Prix unitaire HT,0.2,3498751018066,20,,COLISAGE
25,LES BOÎTES BOIS (page 4),ASSORTIMENT NORMANDIE,BOÎTE BOIS RONDE ASSORTIMENT NORMANDIE,NC01951,150G,4.25,Prix unitaire HT,0.2,3498751019513,12,,COLISAGE
26,LES BOÎTES BOIS (page 4),ASSORTIMENT NORMANDIE,BOÎTE BOIS CARRÉE ASSORTIMENT NORMANDIE,NC01816,75G,2.85,Prix unitaire HT,0.2,3498751018165,24,,COLISAGE
27,LES BOÎTES BOIS (page 4),ASSORTIMENT NORMANDIE,BOÎTE BOIS CARRÉE ASSORTIMENT NORMANDIE,NC01861,150G,4.25,Prix unitaire HT,0.2,3498751018615,12,,COLISAGE
31,LES SACHETS (page 5),MONO-PARFUM,SACHET FONDANTS BEURRE SALÉ,NC00530,175G,4.4,Prix unitaire HT,0.2,3498751005301,20,,Colisage
32,LES SACHETS (page 5),MONO-PARFUM,SACHET FONDANTS NOISETTE,NC00536,175G,4.4,Prix unitaire HT,0.2,3498751005363,20,,Colisage
33,LES SACHETS (page 5),MONO-PARFUM,SACHET FONDANTS VANILLE,NC00533,175G,4.4,Prix unitaire HT,0.2,3498751005332,20,,Colisage
34,LES SACHETS (page 5),MONO-PARFUM,SACHET FONDANTS VANILLE MARBRÉ CHOCOLAT,NC00534,175G,4.4,Prix unitaire HT,0.2,3498751005349,20,,Colisage
35,LES SACHETS (page 5),MONO-PARFUM,SACHET BEURRE SALÉ,NC00535,175G,4.4,Prix unitaire HT,0.2,3498751005356,20,,Colisage
36,LES SACHETS (page 5),MONO-PARFUM,SACHET BEURRE SALÉ & CRÈME D’ISIGNY AOP,NC00532,175G,4.4,Prix unitaire HT,0.2,3498751005325,20,,Colisage
37,LES SACHETS (page 5),MONO-PARFUM,SACHET BEURRE DOUX D’ISIGNY AOP,NC00541,175G,4.4,Prix unitaire HT,0.2,3498751005417,20,,Colisage
38,LES SACHETS (page 5),MONO-PARFUM,SACHET CRÈME D’ISIGNY AOP,NC00540,175G,4.4,Prix unitaire HT,0.2,3498751005400,20,,Colisage
40,LES SACHETS (page 5),ASSORTIMENTS,SACHET ASSORTIMENT FONDANTS,NC00537,175G,4.4,Prix unitaire HT,0.2,3498751005370,20,,Colisage
41,LES SACHETS (page 5),ASSORTIMENTS,SACHET ASSORTIMENT TRADITION,NC00538,175G,4.4,Prix unitaire HT,0.2,3498751005387,20,,Colisage
42,LES SACHETS (page 5),ASSORTIMENTS,SACHET ASSORTIMENT NORMANDIE,NC00531,175G,4.4,Prix unitaire HT,0.2,3498751005318,20,,Colisage
45,LA GAMME RÉGIONALE (page 6),,"BOÎTE MÉTAL À FENÊTRE ""GOÛT TATIN""",NC11082,150G,5.15,Prix unitaire HT,0.2,3498751110821,12,,Colisage
46,LA GAMME RÉGIONALE (page 6),,"SACHET NŒUD ""GOÛT TATIN""",NC00439,150G,3.85,Prix unitaire HT,0.2,3498751004397,20,,Colisage
49,LES BOÎTES CUBE (page 8),,BOÎTE CUBE BEURRE SALÉ,NC00823,100G,3.4,Prix unitaire HT,0.2,3498751008234,20,,Colisage
50,LES BOÎTES CUBE (page 8),,BOÎTE CUBE FONDANTS BEURRE SALÉ,NC00826,100G,3.4,Prix unitaire HT,0.2,3498751008265,20,,Colisage
51,LES BOÎTES CUBE (page 8),,BOÎTE CUBE ASSORTIMENT TRADITION,NC00824,100G,3.4,Prix unitaire HT,0.2,3498751008241,20,,Colisage
52,LES BOÎTES CUBE (page 8),,BOÎTE CUBE ASSORTIMENT NORMANDIE,NC00825,100G,3.4,Prix unitaire HT,0.2,3498751008258,20,,Colisage
55,LES BOÎTES FER 100G (page 8),,BOÎTE FER FONDANTS,NC00830,100G,4.25,Prix unitaire HT,0.2,3498751008302,9,,Colisage
56,LES BOÎTES FER 100G (page 8),,BOÎTE FER BEURRE SALÉ,NC00835,100G,4.25,Prix unitaire HT,0.2,3498751008357,9,,Colisage
57,LES BOÎTES FER 100G (page 8),,BOÎTE FER ASSORTIMENT NORMANDIE,NC00831,100G,4.25,Prix unitaire HT,0.2,3498751008319,9,,Colisage
60,LE THÈME NORMANDIE (page 9),,POT À LAIT,NC00900,75G,4.5,Prix unitaire HT,0.2,3498751009002,12,,Colisage
61,LE THÈME NORMANDIE (page 9),,BOÎTE CIGARE,NC11081,180G,5.5,Prix unitaire HT,0.2,3498751110814,6,,Colisage
62,LE THÈME NORMANDIE (page 9),,2 CV FOURGONNETTE,NC00819,150G,9.5,Prix unitaire HT,0.2,3498751008197,6,,Colisage
65,LES BOÎTES DISTRIBUTRICES (page 9),,ASSORTIMENT NORMANDIE,NC01401,2KG,29.5,Prix unitaire HT,0.2,3498751014013,1,,Colisage
66,LES BOÎTES DISTRIBUTRICES (page 9),,BEURRE SALÉ,NC01400,2KG,29.5,Prix unitaire HT,0.2,3498751014006,1,,Colisage
67,LES BOÎTES DISTRIBUTRICES (page 9),,FONDANT BEURRE SALÉ,NC01404,2KG,29.5,Prix unitaire HT,0.2,3498751014044,1,,Colisage
68,LES BOÎTES DISTRIBUTRICES (page 9),,ASSORTIMENT FONDANTS,NC01405,2KG,29.5,Prix unitaire HT,0.2,3498751014051,1,,Colisage
71,LA GAMME D-DAY (page 9),,BOÎTE CIGARE,NC11080,180G,5.5,Prix unitaire HT,0.2,3498751110807,6,,Colisage
72,LA GAMME D-DAY (page 9),,BOÎTE BOIS DEBARQUEMENT,NC01944,75G,2.85,Prix unitaire HT,0.2,3498751019452,24,,Colisage
75,LES BOÎTES À MUSIQUE (page 10),,FOLKLORE NORMAND,NC00841,200G,9.25,Prix unitaire HT,0.2,3498751008418,6,,Colisage
76,LES BOÎTES À MUSIQUE (page 10),,CARROUSEL,NC00840,200G,9.25,Prix unitaire HT,0.2,3498751008401,6,,Colisage
79,BOÎTES OVALES (page 11),,"BOÎTE ""PRESTIGE""",NC10900,250G,7.9,Prix unitaire HT,0.2,3498751109009,12,,Colisage
80,BOÎTES OVALES (page 11),,"BOÎTE ""SOUVENIRS D’ENFANCE""",NC11000,250G,7.9,Prix unitaire HT,0.2,3498751110005,12,,Colisage
83,LA GAMME NOËL (page 12),,"1.BOÎTE FER ""NOËL""",NC00842,100G,5.1,Prix unitaire HT,0.2,3498751008425,10,,Colisage
84,LA GAMME NOËL (page 12),,"2.CITROËN 2CV ""NOËL""",NC00827,150G,9.5,Prix unitaire HT,0.2,3498751008272,6,,Colisage
85,LA GAMME NOËL (page 12),,"3.BOÎTE ""JOYEUSES FÊTES""",NC01811,75G,2.85,Prix unitaire HT,0.2,3498751018110,20,,Colisage
86,LA GAMME NOËL (page 12),,4.CALENDRIER DE L'AVENT (Décor 09/2026),NC11083,200G,13.3,Prix unitaire HT,0.2,3498751110838,5,,Colisage
89,LES ÉTUIS 108 CARAMELS (page 13),,BEURRE SALÉ,NC01300,1KG,16.7,Prix unitaire HT,0.2,3498751013009,6,,Colisage
90,LES ÉTUIS 108 CARAMELS (page 13),,FONDANTS BEURRE SALÉ,NC01304,1KG,16.7,Prix unitaire HT,0.2,3498751013047,6,,Colisage
91,LES ÉTUIS 108 CARAMELS (page 13),,ASSORTIMENT FONDANTS,NC01302,1KG,16.7,Prix unitaire HT,0.2,3498751013023,6,,Colisage
92,LES ÉTUIS 108 CARAMELS (page 13),,ASSORTIMENT NORMANDIE,NC01301,1KG,16.7,Prix unitaire HT,0.2,3498751013016,6,,Colisage
93,LES ÉTUIS 108 CARAMELS (page 13),,ASSORTIMENT 9 FRUITS,NC01303,1KG,16.7,Prix unitaire HT,0.2,3498751013030,6,,Colisage
94,LES ÉTUIS 108 CARAMELS (page 13),,ASSORTIMENT TRADITION,NC01308,1KG,16.7,Prix unitaire HT,0.2,3498751013085,6,,Colisage
97,LES ÉTUIS 15 CARAMELS (page 14),,1.ASSORTIMENT TRADITION,NC02158,140G,4.15,Prix unitaire HT,0.2,3498751021585,14,,Colisage
98,LES ÉTUIS 15 CARAMELS (page 14),,2.ASSORTIMENT NORMANDIE,NC02151,140G,4.15,Prix unitaire HT,0.2,3498751021516,14,,Colisage
99,LES ÉTUIS 15 CARAMELS (page 14),,3.ASSORTIMENT 5 FRUITS,NC02152,140G,4.15,Prix unitaire HT,0.2,3498751021523,14,,Colisage
100,LES ÉTUIS 15 CARAMELS (page 14),,4.BEURRE SALÉ,NC02155,140G,4.15,Prix unitaire HT,0.2,3498751021554,14,,Colisage
101,LES ÉTUIS 15 CARAMELS (page 14),,5.ASSORTIMENT FONDANTS,NC02150,140G,4.15,Prix unitaire HT,0.2,3498751021509,14,,Colisage
105,LES CARAMELS FONDANTS EN VRAC (page 15),CARAMELS PÂTISSIERS FONDANTS / Boite de 2kg,1.BOÎTE 2KG BEURRE SALÉ D’ISIGNY AOP,NC01068,2KG,16.1,Prix au KG HT,0.2,,,32.2,Prix/Unitaire HT
106,LES CARAMELS FONDANTS EN VRAC (page 15),CARAMELS PÂTISSIERS FONDANTS / Boite de 2kg,2.BOÎTE 2KG NOISETTE,NC01064,2KG,16.1,Prix au KG HT,0.2,,,32.2,Prix/Unitaire HT
107,LES CARAMELS FONDANTS EN VRAC (page 15),CARAMELS PÂTISSIERS FONDANTS / Boite de 2kg,3.BOÎTE 2KG VANILLE,NC01066,2KG,16.1,Prix au KG HT,0.2,,,32.2,Prix/Unitaire HT
108,LES CARAMELS FONDANTS EN VRAC (page 15),CARAMELS PÂTISSIERS FONDANTS / Boite de 2kg,4.BOÎTE 2KG VANILLE MARBRÉ CHOCOLAT,NC01067,2KG,16.1,Prix au KG HT,0.2,,,32.2,Prix/Unitaire HT
110,LES CARAMELS FONDANTS EN VRAC (page 15),CARAMELS PAPILLOTES FONDANTS / Vrac 3kg minimum,5.VRAC BEURRE SALÉ D’ISIGNY AOP,NC01375,1KG,,Prix au KG HT,0.2,,,13.65,Prix/Unitaire HT
111,LES CARAMELS FONDANTS EN VRAC (page 15),CARAMELS PAPILLOTES FONDANTS / Vrac 3kg minimum,6.VRAC NOISETTE,NC01377,1KG,,Prix au KG HT,0.2,,,13.65,Prix/Unitaire HT
112,LES CARAMELS FONDANTS EN VRAC (page 15),CARAMELS PAPILLOTES FONDANTS / Vrac 3kg minimum,7.VRAC VANILLE,NC01374,1KG,,Prix au KG HT,0.2,,,13.65,Prix/Unitaire HT
113,LES CARAMELS FONDANTS EN VRAC (page 15),CARAMELS PAPILLOTES FONDANTS / Vrac 3kg minimum,8.VRAC VANILLE MARBRÉ CHOCOLAT,NC01370,1KG,,Prix au KG HT,0.2,,,13.65,Prix/Unitaire HT
115,LES CARAMELS FONDANTS EN VRAC (page 15),BOUCHÉES DE CARAMELS FONDANTS / Boite de 48 unités (env. 30g unité),BOÎTE BOUCHÉES CARAMEL FONDANT BEURRE SALÉ,NC01047,"1,44KG",42.64,Prix au KG HT,0.2,,,61.4,Prix/Unitaire HT
119,LES CARAMELS EN VRAC (page 16),CARAMELS PAPILLOTES - CELLOPHANE IMPRIMÉE / Vrac 3kg minimum,9.VRAC BEURRE SALÉ D’ISIGNY AOP,NC01564,1KG,13,Prix unitaire HT,0.2,,,13,Prix/KG
120,LES CARAMELS EN VRAC (page 16),CARAMELS PAPILLOTES - CELLOPHANE IMPRIMÉE / Vrac 3kg minimum,10.VRAC BEURRE SALÉ D’ISIGNY AOP,NC01556,1KG,13.65,Prix unitaire HT,0.2,,,13.65,Prix/KG
121,LES CARAMELS EN VRAC (page 16),CARAMELS PAPILLOTES - CELLOPHANE IMPRIMÉE / Vrac 3kg minimum,11.VRAC BEURRE DOUX D’ISIGNY AOP,NC01534,1KG,13.65,Prix unitaire HT,0.2,,,13.65,Prix/KG
122,LES CARAMELS EN VRAC (page 16),CARAMELS PAPILLOTES - CELLOPHANE IMPRIMÉE / Vrac 3kg minimum,12.VRAC CRÈME D’ISIGNY AOP,NC01469,1KG,13.65,Prix unitaire HT,0.2,,,13.65,Prix/KG
123,LES CARAMELS EN VRAC (page 16),CARAMELS PAPILLOTES - CELLOPHANE IMPRIMÉE / Vrac 3kg minimum,13.VRAC BEURRE SALÉ ET CRÈME D’ISIGNY AOP,NC01480,1KG,13.65,Prix unitaire HT,0.2,,,13.65,Prix/KG
124,LES CARAMELS EN VRAC (page 16),CARAMELS PAPILLOTES - CELLOPHANE IMPRIMÉE / Vrac 3kg minimum,14.VRAC GOÛT TATIN,NC01549,1KG,13.65,Prix unitaire HT,0.2,,,13.65,Prix/KG
125,LES CARAMELS EN VRAC (page 16),CARAMELS PAPILLOTES - CELLOPHANE IMPRIMÉE / Vrac 3kg minimum,15.VRAC CHOCOLAT,NC01531,1KG,13.65,Prix unitaire HT,0.2,,,13.65,Prix/KG
126,LES CARAMELS EN VRAC (page 16),CARAMELS PAPILLOTES - CELLOPHANE IMPRIMÉE / Vrac 3kg minimum,16.VRAC NOISETTE,NC01532,1KG,13.65,Prix unitaire HT,0.2,,,13.65,Prix/KG
127,LES CARAMELS EN VRAC (page 16),CARAMELS PAPILLOTES - CELLOPHANE IMPRIMÉE / Vrac 3kg minimum,17.VRAC CAFÉ,NC01530,1KG,13.65,Prix unitaire HT,0.2,,,13.65,Prix/KG
128,LES CARAMELS EN VRAC (page 16),CARAMELS PAPILLOTES - CELLOPHANE IMPRIMÉE / Vrac 3kg minimum,18.VRAC CALVADOS,NC01559,1KG,13.65,Prix unitaire HT,0.2,,,13.65,Prix/KG
129,LES CARAMELS EN VRAC (page 16),CARAMELS PAPILLOTES - CELLOPHANE IMPRIMÉE / Vrac 3kg minimum,19.VRAC POMME,NC01558,1KG,13.65,Prix unitaire HT,0.2,,,13.65,Prix/KG
130,LES CARAMELS EN VRAC (page 16),CARAMELS PAPILLOTES - CELLOPHANE IMPRIMÉE / Vrac 3kg minimum,20.VRAC ASSORTIMENT TRADITION,NC01465,1KG,13.65,Prix unitaire HT,0.2,,,13.65,Prix/KG
131,LES CARAMELS EN VRAC (page 16),CARAMELS PAPILLOTES - CELLOPHANE IMPRIMÉE / Vrac 3kg minimum,21.VRAC ASSORTIMENT NORMANDIE,NC01477,1KG,13.65,Prix unitaire HT,0.2,,,13.65,Prix/KG
133,LES CARAMELS EN VRAC (page 16),CARAMELS PAPILLOTES - CELLOPHANE NEUTRE / Vrac 3kg minimum,22.VRAC BEURRE DOUX D’ISIGNY AOP,NC01513,1KG,,Prix unitaire HT,0.2,,,13,Prix/KG
134,LES CARAMELS EN VRAC (page 16),CARAMELS PAPILLOTES - CELLOPHANE NEUTRE / Vrac 3kg minimum,23.VRAC CAFÉ,NC01510,1KG,,Prix unitaire HT,0.2,,,13,Prix/KG
135,LES CARAMELS EN VRAC (page 16),CARAMELS PAPILLOTES - CELLOPHANE NEUTRE / Vrac 3kg minimum,24.VRAC CHOCOLAT,NC01511,1KG,,Prix unitaire HT,0.2,,,13,Prix/KG
136,LES CARAMELS EN VRAC (page 16),CARAMELS PAPILLOTES - CELLOPHANE NEUTRE / Vrac 3kg minimum,25.VRAC NOISETTE,NC01512,1KG,,Prix unitaire HT,0.2,,,13,Prix/KG
140,LES CARAMELS EN VRAC (page 17),CARAMELS PÂTISSIERS - CELLOPHANE IMPRIMÉE / boite de 2kg,26.BOÎTE 2KG CRÈME D’ISIGNY AOP,NC01225,2KG,16.1,Prix au KG,0.2,,,32.2,Prix/Unitaire
141,LES CARAMELS EN VRAC (page 17),CARAMELS PÂTISSIERS - CELLOPHANE IMPRIMÉE / boite de 2kg,27.BOÎTE 2KG BEURRE SALÉ D’ISIGNY AOP,NC01580,2KG,16.1,Prix au KG,0.2,,,32.2,Prix/Unitaire
142,LES CARAMELS EN VRAC (page 17),CARAMELS PÂTISSIERS - CELLOPHANE IMPRIMÉE / boite de 2kg,28.BOÎTE 2KG BEURRE DOUX D’ISIGNY AOP,NC01224,2KG,16.1,Prix au KG,0.2,,,32.2,Prix/Unitaire
143,LES CARAMELS EN VRAC (page 17),CARAMELS PÂTISSIERS - CELLOPHANE IMPRIMÉE / boite de 2kg,29.BOÎTE 2KG CALVADOS,NC01299,2KG,16.1,Prix au KG,0.2,,,32.2,Prix/Unitaire
144,LES CARAMELS EN VRAC (page 17),CARAMELS PÂTISSIERS - CELLOPHANE IMPRIMÉE / boite de 2kg,30.BOÎTE 2KG GOÛT TATIN,NC01245,2KG,16.1,Prix au KG,0.2,,,32.2,Prix/Unitaire
145,LES CARAMELS EN VRAC (page 17),CARAMELS PÂTISSIERS - CELLOPHANE IMPRIMÉE / boite de 2kg,31.BOÎTE 2KG POMME,NC01134,2KG,16.1,Prix au KG,0.2,,,32.2,Prix/Unitaire
146,LES CARAMELS EN VRAC (page 17),CARAMELS PÂTISSIERS - CELLOPHANE IMPRIMÉE / boite de 2kg,32.BOÎTE 2KG GOÛT CONFITURE DE LAIT,NC01112,2KG,16.1,Prix au KG,0.2,,,32.2,Prix/Unitaire
147,LES CARAMELS EN VRAC (page 17),CARAMELS PÂTISSIERS - CELLOPHANE IMPRIMÉE / boite de 2kg,33.BOÎTE 2KG MENTHE,NC01146,2KG,16.1,Prix au KG,0.2,,,32.2,Prix/Unitaire
148,LES CARAMELS EN VRAC (page 17),CARAMELS PÂTISSIERS - CELLOPHANE IMPRIMÉE / boite de 2kg,34.BOÎTE 2KG PRUNEAU,NC01215,2KG,16.1,Prix au KG,0.2,,,32.2,Prix/Unitaire
149,LES CARAMELS EN VRAC (page 17),CARAMELS PÂTISSIERS - CELLOPHANE IMPRIMÉE / boite de 2kg,35.BOÎTE 2KG MARRON,NC01145,2KG,16.1,Prix au KG,0.2,,,32.2,Prix/Unitaire
150,LES CARAMELS EN VRAC (page 17),CARAMELS PÂTISSIERS - CELLOPHANE IMPRIMÉE / boite de 2kg,36.BOÎTE 2KG NOIX,NC01273,2KG,16.1,Prix au KG,0.2,,,32.2,Prix/Unitaire
151,LES CARAMELS EN VRAC (page 17),CARAMELS PÂTISSIERS - CELLOPHANE IMPRIMÉE / boite de 2kg,37.BOÎTE 2KG MIEL,NC01147,2KG,16.1,Prix au KG,0.2,,,32.2,Prix/Unitaire
152,LES CARAMELS EN VRAC (page 17),CARAMELS PÂTISSIERS - CELLOPHANE IMPRIMÉE / boite de 2kg,38.BOÎTE 2KG CHOCOLAT,NC01039,2KG,16.1,Prix au KG,0.2,,,32.2,Prix/Unitaire
153,LES CARAMELS EN VRAC (page 17),CARAMELS PÂTISSIERS - CELLOPHANE IMPRIMÉE / boite de 2kg,39.BOÎTE 2KG CAFÉ,NC01151,2KG,16.1,Prix au KG,0.2,,,32.2,Prix/Unitaire
154,LES CARAMELS EN VRAC (page 17),CARAMELS PÂTISSIERS - CELLOPHANE IMPRIMÉE / boite de 2kg,40.BOÎTE 2KG NOISETTE,NC01043,2KG,16.1,Prix au KG,0.2,,,32.2,Prix/Unitaire
155,LES CARAMELS EN VRAC (page 17),CARAMELS PÂTISSIERS - CELLOPHANE IMPRIMÉE / boite de 2kg,41.BOÎTE 2KG MYRTILLE,NC01069,2KG,16.1,Prix au KG,0.2,,,32.2,Prix/Unitaire
156,LES CARAMELS EN VRAC (page 17),CARAMELS PÂTISSIERS - CELLOPHANE IMPRIMÉE / boite de 2kg,42.BOÎTE 2KG CASSIS,NC01136,2KG,16.1,Prix au KG,0.2,,,32.2,Prix/Unitaire
157,LES CARAMELS EN VRAC (page 17),CARAMELS PÂTISSIERS - CELLOPHANE IMPRIMÉE / boite de 2kg,43.BOÎTE 2KG FRAISE,NC01131,2KG,16.1,Prix au KG,0.2,,,32.2,Prix/Unitaire
158,LES CARAMELS EN VRAC (page 17),CARAMELS PÂTISSIERS - CELLOPHANE IMPRIMÉE / boite de 2kg,44.BOÎTE 2KG MIRABELLE,NC01133,2KG,16.1,Prix au KG,0.2,,,32.2,Prix/Unitaire
159,LES CARAMELS EN VRAC (page 17),CARAMELS PÂTISSIERS - CELLOPHANE IMPRIMÉE / boite de 2kg,45.BOÎTE 2KG BEURRE SALÉ D’ISIGNY AOP,NC01579,2KG,15.8,Prix au KG,0.2,,,31.6,Prix/Unitaire
161,LES CARAMELS EN VRAC (page 17),CARAMELS PÂTISSIERS – CELLOPHANE NEUTRE / boite de 2kg,46.BOÎTE 2KG BEURRE DOUX D’ISIGNY AOP,NC01021,2KG,15.8,Prix au KG,0.2,,,31.6,Prix/Unitaire
162,LES CARAMELS EN VRAC (page 17),CARAMELS PÂTISSIERS – CELLOPHANE NEUTRE / boite de 2kg,47.BOÎTE 2KG CAFÉ,NC01030,2KG,15.8,Prix au KG,0.2,,,31.6,Prix/Unitaire
163,LES CARAMELS EN VRAC (page 17),CARAMELS PÂTISSIERS – CELLOPHANE NEUTRE / boite de 2kg,48.BOÎTE 2KG CHOCOLAT,NC01049,2KG,15.8,Prix au KG,0.2,,,31.6,Prix/Unitaire
164,LES CARAMELS EN VRAC (page 17),CARAMELS PÂTISSIERS – CELLOPHANE NEUTRE / boite de 2kg,49.BOÎTE 2KG NOISETTE,NC01040,2KG,15.8,Prix au KG,0.2,,,31.6,Prix/Unitaire
167,LES CARAMELS À TARTINER (page 18),,CARAMEL À TARTINER AU BEURRE SALÉ,NC01010,250G,3.9,Prix unitaire HT,0.055,3498752010106,12,,Colisage
168,LES CARAMELS À TARTINER (page 18),,CARAMEL À TARTINER AU BEURRE SALÉ,NC01019,400G,5.45,Prix unitaire HT,0.055,3498752010199,12,,Colisage
169,LES CARAMELS À TARTINER (page 18),,CARAMEL À TARTINER VANILLE,NC00280,250G,3.9,Prix unitaire HT,0.055,3498752002804,12,,Colisage
170,LES CARAMELS À TARTINER (page 18),,CARAMEL À TARTINER SAVEUR NOISETTE,NC00282,250G,3.9,Prix unitaire HT,0.055,3498752002828,12,,Colisage
171,LES CARAMELS À TARTINER (page 18),,CARAMEL À TARTINER CHOCOLAT,NC00279,250G,3.9,Prix unitaire HT,0.055,3498752002798,12,,Colisage
172,LES CARAMELS À TARTINER (page 18),,CARAMEL À TARTINER CALVADOS,NC00366,250G,3.9,Prix unitaire HT,0.055,3498752003665,12,,Colisage
173,LES CARAMELS À TARTINER (page 18),,ASSORTIMENT DE 5 MINI CARAMELS À TARTINER,NC00285,5X50G,7.85,Prix unitaire HT,0.055,3498752002859,12,,Colisage
176,LES COULIS DE CARAMEL (Page 19),,CARAMEL BLOND,NC01018,320G,4.1,Prix unitaire HT,0.055,3498752010182,12,,Colisage
177,LES COULIS DE CARAMEL (Page 19),,COULIS DE CARAMEL À LA VANILLE,NC01017,320G,4.81,Prix unitaire HT,0.055,3498752010175,12,,Colisage
178,LES COULIS DE CARAMEL (Page 19),,COULIS DE CARAMEL AU CHOCOLAT,NC01004,320G,4.81,Prix unitaire HT,0.055,3498752010045,12,,Colisage
179,LES COULIS DE CARAMEL (Page 19),,COULIS DE CARAMEL AU BEURRE SALÉ,NC01016,320G,4.81,Prix unitaire HT,0.055,3498752010168,12,,Colisage
180,LES COULIS DE CARAMEL (Page 19),,COULIS DE CARAMEL AU BEURRE SALÉ,NC01056,1.1KG,15.75,Prix unitaire HT,0.055,3498752010564,4,,Colisage
183,LES ÉCLATS ET POUDRE DE CARAMEL (page 19),,ÉCLATS DE CARAMEL CALIBRE 1.5/4MM,NC01373,700G,11.4,Prix unitaire HT,0.055,3498752013732,6,,Colisage
184,LES ÉCLATS ET POUDRE DE CARAMEL (page 19),,ÉCLATS DE CARAMEL CALIBRE 1.5/4MM,NC01372,250G,4.95,Prix unitaire HT,0.055,3498752013725,12,,Colisage
185,LES ÉCLATS ET POUDRE DE CARAMEL (page 19),,ÉCLATS DE CARAMEL CALIBRE 4/8MM,NC01380,700G,11.74,Prix unitaire HT,0.055,3498752013800,6,,Colisage
186,LES ÉCLATS ET POUDRE DE CARAMEL (page 19),,ÉCLATS DE CARAMEL CALIBRE 4/8MM,NC01382,250G,5.11,Prix unitaire HT,0.055,3498752013725,12,,Colisage
187,LES ÉCLATS ET POUDRE DE CARAMEL (page 19),,POUDRE DE CARAMEL,NC01383,700G,10.7,Prix unitaire HT,0.055,3498752013831,6,,Colisage
188,LES ÉCLATS ET POUDRE DE CARAMEL (page 19),,POUDRE DE CARAMEL,NC01362,220G,4.27,Prix unitaire HT,0.055,3498752013626,12,,Colisage
191,LES PRODUITS ALIMENTAIRES INTERMÉDIAIRES (page 20),,CARAMEL CORSÉ AU BEURRE SALÉ,NC01036,1KG,14.33,Prix unitaire HT,0.055,3498752010366,12,,Colisage
192,LES PRODUITS ALIMENTAIRES INTERMÉDIAIRES (page 20),,CARAMEL CORSÉ AU BEURRE SALÉ,NC01038,3KG,40.83,Prix unitaire HT,0.055,3498752010380,4,,Colisage
193,LES PRODUITS ALIMENTAIRES INTERMÉDIAIRES (page 20),,CARAMEL AU BEURRE SALÉ,NC01046,1KG,13.89,Prix unitaire HT,0.055,3498752010465,12,,Colisage
194,LES PRODUITS ALIMENTAIRES INTERMÉDIAIRES (page 20),,CARAMEL AU BEURRE SALÉ,NC01026,3KG,39.6,Prix unitaire HT,0.055,3498752010267,4,,Colisage
195,LES PRODUITS ALIMENTAIRES INTERMÉDIAIRES (page 20),,POUDRE DE CARAMEL,NC01398,900G,13.29,Prix unitaire HT,0.055,3498752013985,12,,Colisage
196,LES PRODUITS ALIMENTAIRES INTERMÉDIAIRES (page 20),,POUDRE DE CARAMEL,NC01345,2.2KG,29.68,Prix unitaire HT,0.055,3498752013459,4,,Colisage
197,LES PRODUITS ALIMENTAIRES INTERMÉDIAIRES (page 20),,POUDRE DE CARAMEL,NC01342,10KG,12.44,Prix unitaire HT,0.055,,2 x 5 kg,,Colisage
198,LES PRODUITS ALIMENTAIRES INTERMÉDIAIRES (page 20),,"ÉCLATS DE CARAMEL 1,5/4 MM",NC01378,900G,14.17,Prix unitaire HT,0.055,3498752013787,12,,Colisage
199,LES PRODUITS ALIMENTAIRES INTERMÉDIAIRES (page 20),,"ÉCLATS DE CARAMEL 1,5/4 MM",NC01344,2.2KG,31.66,Prix unitaire HT,0.055,3498752013442,4,,Colisage
200,LES PRODUITS ALIMENTAIRES INTERMÉDIAIRES (page 20),,"ÉCLATS DE CARAMEL 1,5/4 MM",NC01343,10KG,13.27,Prix unitaire HT,0.055,,2 x 5 kg,,Colisage
201,LES PRODUITS ALIMENTAIRES INTERMÉDIAIRES (page 20),,ÉCLATS DE CARAMEL 4/8 MM,NC01388,900G,14.57,Prix unitaire HT,0.055,3498752013886,12,,Colisage
202,LES PRODUITS ALIMENTAIRES INTERMÉDIAIRES (page 20),,ÉCLATS DE CARAMEL 4/8 MM,NC01348,2.2KG,32.61,Prix unitaire HT,0.055,3498752013480,4,,Colisage
203,LES PRODUITS ALIMENTAIRES INTERMÉDIAIRES (page 20),,ÉCLATS DE CARAMEL 4/8 MM,NC01349,10KG,13.66,Prix unitaire HT,0.055,,2 x 5 kg,,Colisage
204,LES PRODUITS ALIMENTAIRES INTERMÉDIAIRES (page 20),,CARAMELS FONDANTS BEURRE SALÉ À ENROBER,NC01626,2KG,43.3,Prix unitaire HT,0.2,,1,,Colisage
207,LES GOURMANDISES AU CARAMEL D’ISIGNY (page 21),,DOYPACK POP CORN,NC00251,140G,3.72,Prix unitaire HT,0.055,3498752002514,15,,Colisage
208,LES GOURMANDISES AU CARAMEL D’ISIGNY (page 21),,SACHET DE NOUGATS,NC80005,150G,4.5,Prix unitaire HT,0.2,3498751800050,12,,Colisage
209,LES GOURMANDISES AU CARAMEL D’ISIGNY (page 21),,SUCETTES x100,NC80017,1.3KG,33.21,Prix unitaire HT,0.2,3498751800173,1x100 sucettes,,Colisage
210,LES GOURMANDISES AU CARAMEL D’ISIGNY (page 21),,PRÉSENTOIR POUR 100 SUCETTES,NC80018,225G,8.38,Prix unitaire HT,0.2,,1,,Colisage
211,LES GOURMANDISES AU CARAMEL D’ISIGNY (page 21),,COOKIES AUX ÉCLATS DE CARAMEL,NC80704,220G,4.16,Prix unitaire HT,0.055,3449610272204,12,,Colisage
