type,cle_de_rapprochement,producteur,ids_produits,libelles,prix_ht,sources,decision
LIBELLE_IDENTIQUE_MEME_PRODUCTEUR,amour d herout brut cidre igp,MAISON HEROUT,PROD-0323 / PROD-0324,Amour d'Hérout brut 33 cl cidre IGP || Amour d'Hérout brut 75 cl cidre IGP,1.93 / 3.85,Tarif et bon de commande 2026 – onglet « TARIF NORMAND DIRECT 2026 » (ligne 332) || Tarif et bon de commande 2026 – onglet « TARIF NORMAND DIRECT 2026 » (ligne 333),"Même libellé, formats ou décors différents : NE PAS FUSIONNER sans vérification"
LIBELLE_IDENTIQUE_MEME_PRODUCTEUR,assortiment fondants,CARAMELS D'ISIGNY,PROD-0550 / PROD-0563 / PROD-0571,ASSORTIMENT FONDANTS || ASSORTIMENT FONDANTS || 5.ASSORTIMENT FONDANTS,29.5 / 16.7 / 4.15,Tarif et bon de commande 2026 – onglet « CARAMELS ISIGNY 2026 » (ligne 68 – LES BOÎTES DISTRIBUTRICES (page 9)) || Tarif et bon de commande 2026 – onglet « CARAMELS ISIGNY 2026 » (ligne 91 – LES ÉTUIS 108 CARAMELS (page 13)) || Tarif et bon de commande 2026 – onglet « CARAMELS ISIGNY 2026 » (ligne 101 – LES ÉTUIS 15 CARAMELS (page 14)),"Même libellé, formats ou décors différents : NE PAS FUSIONNER sans vérification"
LIBELLE_IDENTIQUE_MEME_PRODUCTEUR,assortiment normandie,CARAMELS D'ISIGNY,PROD-0547 / PROD-0564 / PROD-0568,ASSORTIMENT NORMANDIE || ASSORTIMENT NORMANDIE || 2.ASSORTIMENT NORMANDIE,29.5 / 16.7 / 4.15,Tarif et bon de commande 2026 – onglet « CARAMELS ISIGNY 2026 » (ligne 65 – LES BOÎTES DISTRIBUTRICES (page 9)) || Tarif et bon de commande 2026 – onglet « CARAMELS ISIGNY 2026 » (ligne 92 – LES ÉTUIS 108 CARAMELS (page 13)) || Tarif et bon de commande 2026 – onglet « CARAMELS ISIGNY 2026 » (ligne 98 – LES ÉTUIS 15 CARAMELS (page 14)),"Même libellé, formats ou décors différents : NE PAS FUSIONNER sans vérification"
LIBELLE_IDENTIQUE_MEME_PRODUCTEUR,assortiment tradition,CARAMELS D'ISIGNY,PROD-0566 / PROD-0567,ASSORTIMENT TRADITION || 1.ASSORTIMENT TRADITION,16.7 / 4.15,Tarif et bon de commande 2026 – onglet « CARAMELS ISIGNY 2026 » (ligne 94 – LES ÉTUIS 108 CARAMELS (page 13)) || Tarif et bon de commande 2026 – onglet « CARAMELS ISIGNY 2026 » (ligne 97 – LES ÉTUIS 15 CARAMELS (page 14)),"Même libellé, formats ou décors différents : NE PAS FUSIONNER sans vérification"
LIBELLE_IDENTIQUE_MEME_PRODUCTEUR,beurre sale,CARAMELS D'ISIGNY,PROD-0548 / PROD-0561 / PROD-0570,BEURRE SALÉ || BEURRE SALÉ || 4.BEURRE SALÉ,29.5 / 16.7 / 4.15,Tarif et bon de commande 2026 – onglet « CARAMELS ISIGNY 2026 » (ligne 66 – LES BOÎTES DISTRIBUTRICES (page 9)) || Tarif et bon de commande 2026 – onglet « CARAMELS ISIGNY 2026 » (ligne 89 – LES ÉTUIS 108 CARAMELS (page 13)) || Tarif et bon de commande 2026 – onglet « CARAMELS ISIGNY 2026 » (ligne 100 – LES ÉTUIS 15 CARAMELS (page 14)),"Même libellé, formats ou décors différents : NE PAS FUSIONNER sans vérification"
LIBELLE_IDENTIQUE_MEME_PRODUCTEUR,biere ambree ambree du hameau,BRASSERIE LA LIE,PROD-0375 / PROD-0376,Bière ambrée 33 cl / 24 Ambrée du hameau || Bière ambrée 75 cl / 9 Ambrée du hameau,1.96 / 3.64,Tarif et bon de commande 2026 – onglet « TARIF NORMAND DIRECT 2026 » (ligne 384) || Tarif et bon de commande 2026 – onglet « TARIF NORMAND DIRECT 2026 » (ligne 385),"Même libellé, formats ou décors différents : NE PAS FUSIONNER sans vérification"
LIBELLE_IDENTIQUE_MEME_PRODUCTEUR,biere blanche la caennette,BRASSERIE LA LIE,PROD-0377 / PROD-0378,Bière blanche 33 cl / 24 La Caennette || Bière blanche 75 cl / 9 La Caennette,1.96 / 3.64,Tarif et bon de commande 2026 – onglet « TARIF NORMAND DIRECT 2026 » (ligne 386) || Tarif et bon de commande 2026 – onglet « TARIF NORMAND DIRECT 2026 » (ligne 387),"Même libellé, formats ou décors différents : NE PAS FUSIONNER sans vérification"
LIBELLE_IDENTIQUE_MEME_PRODUCTEUR,biere blonde au pres de ma blonde,BRASSERIE LA LIE,PROD-0373 / PROD-0374,Bière blonde 33 cl / 24 Au prés de ma blonde || Bière blonde 75 cl / 9 Au prés de ma blonde,1.96 / 3.64,Tarif et bon de commande 2026 – onglet « TARIF NORMAND DIRECT 2026 » (ligne 382) || Tarif et bon de commande 2026 – onglet « TARIF NORMAND DIRECT 2026 » (ligne 383),"Même libellé, formats ou décors différents : NE PAS FUSIONNER sans vérification"
LIBELLE_IDENTIQUE_MEME_PRODUCTEUR,biere blonde pale ale la suisse normande,BRASSERIE LA LIE,PROD-0385 / PROD-0386,Bière blonde Pale Ale  33 cl / 24 la Suisse Normande || Bière blonde Pale Ale  75 cl / 9 la Suisse Normande,1.96 / 3.64,Tarif et bon de commande 2026 – onglet « TARIF NORMAND DIRECT 2026 » (ligne 394) || Tarif et bon de commande 2026 – onglet « TARIF NORMAND DIRECT 2026 » (ligne 395),"Même libellé, formats ou décors différents : NE PAS FUSIONNER sans vérification"
LIBELLE_IDENTIQUE_MEME_PRODUCTEUR,biere de noel ca sent le sapin,BRASSERIE LA LIE,PROD-0387 / PROD-0388,Bière de Noel 33 cl / 24 ça sent le sapin || Bière de Noel 75 cl / 9 ça sent le sapin,1.96 / 3.64,Tarif et bon de commande 2026 – onglet « TARIF NORMAND DIRECT 2026 » (ligne 396) || Tarif et bon de commande 2026 – onglet « TARIF NORMAND DIRECT 2026 » (ligne 397),"Même libellé, formats ou décors différents : NE PAS FUSIONNER sans vérification"
LIBELLE_IDENTIQUE_MEME_PRODUCTEUR,biere edition limite du moment,BRASSERIE LA LIE,PROD-0389 / PROD-0390,Bière édition limité du moment 33 cl / 24 || Bière édition limité du moment 75 cl / 9,1.96 / 3.64,Tarif et bon de commande 2026 – onglet « TARIF NORMAND DIRECT 2026 » (ligne 398) || Tarif et bon de commande 2026 – onglet « TARIF NORMAND DIRECT 2026 » (ligne 399),"Même libellé, formats ou décors différents : NE PAS FUSIONNER sans vérification"
LIBELLE_IDENTIQUE_MEME_PRODUCTEUR,biere rousse conte fleurette,BRASSERIE LA LIE,PROD-0383 / PROD-0384,Bière rousse Conté fleurette 33 cl / 24 || Bière rousse Conté fleurette 75 cl / 9,1.96 / 3.64,Tarif et bon de commande 2026 – onglet « TARIF NORMAND DIRECT 2026 » (ligne 392) || Tarif et bon de commande 2026 – onglet « TARIF NORMAND DIRECT 2026 » (ligne 393),"Même libellé, formats ou décors différents : NE PAS FUSIONNER sans vérification"
LIBELLE_IDENTIQUE_MEME_PRODUCTEUR,biere triple triple a la mode de caen,BRASSERIE LA LIE,PROD-0381 / PROD-0382,Bière triple 33 cl / 24 Triple à la mode de Caen || Bière triple 75 cl / 9 Triple à la mode de Caen,2.01 / 3.8,Tarif et bon de commande 2026 – onglet « TARIF NORMAND DIRECT 2026 » (ligne 390) || Tarif et bon de commande 2026 – onglet « TARIF NORMAND DIRECT 2026 » (ligne 391),"Même libellé, formats ou décors différents : NE PAS FUSIONNER sans vérification"
LIBELLE_IDENTIQUE_MEME_PRODUCTEUR,blanche d alambic bio,MAISON HEROUT,PROD-0340 / PROD-0341,BLANCHE d'alambic bio 70 cl || BLANCHE d'alambic bio 20 cl,23.65 / 8.75,Tarif et bon de commande 2026 – onglet « TARIF NORMAND DIRECT 2026 » (ligne 349) || Tarif et bon de commande 2026 – onglet « TARIF NORMAND DIRECT 2026 » (ligne 350),"Même libellé, formats ou décors différents : NE PAS FUSIONNER sans vérification"
LIBELLE_IDENTIQUE_MEME_PRODUCTEUR,boite beurre doux d isigny aop,CARAMELS D'ISIGNY,PROD-0600 / PROD-0618,28.BOÎTE 2KG BEURRE DOUX D’ISIGNY AOP || 46.BOÎTE 2KG BEURRE DOUX D’ISIGNY AOP,32.2 / 31.6,Tarif et bon de commande 2026 – onglet « CARAMELS ISIGNY 2026 » (ligne 142 – LES CARAMELS EN VRAC (page 17)) || Tarif et bon de commande 2026 – onglet « CARAMELS ISIGNY 2026 » (ligne 161 – LES CARAMELS EN VRAC (page 17)),"Même libellé, formats ou décors différents : NE PAS FUSIONNER sans vérification"
LIBELLE_IDENTIQUE_MEME_PRODUCTEUR,boite beurre sale d isigny aop,CARAMELS D'ISIGNY,PROD-0572 / PROD-0599 / PROD-0617,1.BOÎTE 2KG BEURRE SALÉ D’ISIGNY AOP || 27.BOÎTE 2KG BEURRE SALÉ D’ISIGNY AOP || 45.BOÎTE 2KG BEURRE SALÉ D’ISIGNY AOP,32.2 / 32.2 / 31.6,Tarif et bon de commande 2026 – onglet « CARAMELS ISIGNY 2026 » (ligne 105 – LES CARAMELS FONDANTS EN VRAC (page 15)) || Tarif et bon de commande 2026 – onglet « CARAMELS ISIGNY 2026 » (ligne 141 – LES CARAMELS EN VRAC (page 17)) || Tarif et bon de commande 2026 – onglet « CARAMELS ISIGNY 2026 » (ligne 159 – LES CARAMELS EN VRAC (page 17)),"Même libellé, formats ou décors différents : NE PAS FUSIONNER sans vérification"
LIBELLE_IDENTIQUE_MEME_PRODUCTEUR,boite bois carree assortiment fondants,CARAMELS D'ISIGNY,PROD-0518 / PROD-0519,BOÎTE BOIS CARRÉE ASSORTIMENT FONDANTS || BOÎTE BOIS CARRÉE ASSORTIMENT FONDANTS,2.85 / 4.25,Tarif et bon de commande 2026 – onglet « CARAMELS ISIGNY 2026 » (ligne 21 – LES BOÎTES BOIS (page 4)) || Tarif et bon de commande 2026 – onglet « CARAMELS ISIGNY 2026 » (ligne 22 – LES BOÎTES BOIS (page 4)),"Même libellé, formats ou décors différents : NE PAS FUSIONNER sans vérification"
LIBELLE_IDENTIQUE_MEME_PRODUCTEUR,boite bois carree assortiment normandie,CARAMELS D'ISIGNY,PROD-0522 / PROD-0523,BOÎTE BOIS CARRÉE ASSORTIMENT NORMANDIE || BOÎTE BOIS CARRÉE ASSORTIMENT NORMANDIE,2.85 / 4.25,Tarif et bon de commande 2026 – onglet « CARAMELS ISIGNY 2026 » (ligne 26 – LES BOÎTES BOIS (page 4)) || Tarif et bon de commande 2026 – onglet « CARAMELS ISIGNY 2026 » (ligne 27 – LES BOÎTES BOIS (page 4)),"Même libellé, formats ou décors différents : NE PAS FUSIONNER sans vérification"
LIBELLE_IDENTIQUE_MEME_PRODUCTEUR,boite bois carree assortiment tradition,CARAMELS D'ISIGNY,PROD-0514 / PROD-0515,BOÎTE BOIS CARRÉE ASSORTIMENT TRADITION || BOÎTE BOIS CARRÉE ASSORTIMENT TRADITION,2.85 / 4.25,Tarif et bon de commande 2026 – onglet « CARAMELS ISIGNY 2026 » (ligne 16 – LES BOÎTES BOIS (page 4)) || Tarif et bon de commande 2026 – onglet « CARAMELS ISIGNY 2026 » (ligne 17 – LES BOÎTES BOIS (page 4)),"Même libellé, formats ou décors différents : NE PAS FUSIONNER sans vérification"
LIBELLE_IDENTIQUE_MEME_PRODUCTEUR,boite bois carree beurre sale,CARAMELS D'ISIGNY,PROD-0506 / PROD-0507,BOÎTE BOIS CARRÉE BEURRE SALÉ || BOÎTE BOIS CARRÉE BEURRE SALÉ,2.85 / 4.25,Tarif et bon de commande 2026 – onglet « CARAMELS ISIGNY 2026 » (ligne 6 – LES BOÎTES BOIS (page 4)) || Tarif et bon de commande 2026 – onglet « CARAMELS ISIGNY 2026 » (ligne 7 – LES BOÎTES BOIS (page 4)),"Même libellé, formats ou décors différents : NE PAS FUSIONNER sans vérification"
LIBELLE_IDENTIQUE_MEME_PRODUCTEUR,boite bois carree fondant beurre sale,CARAMELS D'ISIGNY,PROD-0510 / PROD-0511,BOÎTE BOIS CARRÉE FONDANT BEURRE SALÉ || BOÎTE BOIS CARRÉE FONDANT BEURRE SALÉ,2.85 / 4.25,Tarif et bon de commande 2026 – onglet « CARAMELS ISIGNY 2026 » (ligne 11 – LES BOÎTES BOIS (page 4)) || Tarif et bon de commande 2026 – onglet « CARAMELS ISIGNY 2026 » (ligne 12 – LES BOÎTES BOIS (page 4)),"Même libellé, formats ou décors différents : NE PAS FUSIONNER sans vérification"
LIBELLE_IDENTIQUE_MEME_PRODUCTEUR,boite bois ronde assortiment fondants,CARAMELS D'ISIGNY,PROD-0516 / PROD-0517,BOÎTE BOIS RONDE ASSORTIMENT FONDANTS || BOÎTE BOIS RONDE ASSORTIMENT FONDANTS,2.85 / 4.25,Tarif et bon de commande 2026 – onglet « CARAMELS ISIGNY 2026 » (ligne 19 – LES BOÎTES BOIS (page 4)) || Tarif et bon de commande 2026 – onglet « CARAMELS ISIGNY 2026 » (ligne 20 – LES BOÎTES BOIS (page 4)),"Même libellé, formats ou décors différents : NE PAS FUSIONNER sans vérification"
LIBELLE_IDENTIQUE_MEME_PRODUCTEUR,boite bois ronde assortiment normandie,CARAMELS D'ISIGNY,PROD-0520 / PROD-0521,BOÎTE BOIS RONDE ASSORTIMENT NORMANDIE || BOÎTE BOIS RONDE ASSORTIMENT NORMANDIE,2.85 / 4.25,Tarif et bon de commande 2026 – onglet « CARAMELS ISIGNY 2026 » (ligne 24 – LES BOÎTES BOIS (page 4)) || Tarif et bon de commande 2026 – onglet « CARAMELS ISIGNY 2026 » (ligne 25 – LES BOÎTES BOIS (page 4)),"Même libellé, formats ou décors différents : NE PAS FUSIONNER sans vérification"
LIBELLE_IDENTIQUE_MEME_PRODUCTEUR,boite bois ronde assortiment tradition,CARAMELS D'ISIGNY,PROD-0512 / PROD-0513,BOÎTE BOIS RONDE ASSORTIMENT TRADITION || BOÎTE BOIS RONDE ASSORTIMENT TRADITION,2.85 / 4.25,Tarif et bon de commande 2026 – onglet « CARAMELS ISIGNY 2026 » (ligne 14 – LES BOÎTES BOIS (page 4)) || Tarif et bon de commande 2026 – onglet « CARAMELS ISIGNY 2026 » (ligne 15 – LES BOÎTES BOIS (page 4)),"Même libellé, formats ou décors différents : NE PAS FUSIONNER sans vérification"
LIBELLE_IDENTIQUE_MEME_PRODUCTEUR,boite bois ronde beurre sale,CARAMELS D'ISIGNY,PROD-0504 / PROD-0505,BOÎTE BOIS RONDE BEURRE SALÉ || BOÎTE BOIS RONDE BEURRE SALÉ,2.85 / 4.25,Tarif et bon de commande 2026 – onglet « CARAMELS ISIGNY 2026 » (ligne 4 – LES BOÎTES BOIS (page 4)) || Tarif et bon de commande 2026 – onglet « CARAMELS ISIGNY 2026 » (ligne 5 – LES BOÎTES BOIS (page 4)),"Même libellé, formats ou décors différents : NE PAS FUSIONNER sans vérification"
LIBELLE_IDENTIQUE_MEME_PRODUCTEUR,boite bois ronde fondant beurre sale,CARAMELS D'ISIGNY,PROD-0508 / PROD-0509,BOÎTE BOIS RONDE FONDANT BEURRE SALÉ || BOÎTE BOIS RONDE FONDANT BEURRE SALÉ,2.85 / 4.25,Tarif et bon de commande 2026 – onglet « CARAMELS ISIGNY 2026 » (ligne 9 – LES BOÎTES BOIS (page 4)) || Tarif et bon de commande 2026 – onglet « CARAMELS ISIGNY 2026 » (ligne 10 – LES BOÎTES BOIS (page 4)),"Même libellé, formats ou décors différents : NE PAS FUSIONNER sans vérification"
LIBELLE_IDENTIQUE_MEME_PRODUCTEUR,boite cafe,CARAMELS D'ISIGNY,PROD-0611 / PROD-0619,39.BOÎTE 2KG CAFÉ || 47.BOÎTE 2KG CAFÉ,32.2 / 31.6,Tarif et bon de commande 2026 – onglet « CARAMELS ISIGNY 2026 » (ligne 153 – LES CARAMELS EN VRAC (page 17)) || Tarif et bon de commande 2026 – onglet « CARAMELS ISIGNY 2026 » (ligne 162 – LES CARAMELS EN VRAC (page 17)),"Même libellé, formats ou décors différents : NE PAS FUSIONNER sans vérification"
LIBELLE_IDENTIQUE_MEME_PRODUCTEUR,boite chocolat,CARAMELS D'ISIGNY,PROD-0610 / PROD-0620,38.BOÎTE 2KG CHOCOLAT || 48.BOÎTE 2KG CHOCOLAT,32.2 / 31.6,Tarif et bon de commande 2026 – onglet « CARAMELS ISIGNY 2026 » (ligne 152 – LES CARAMELS EN VRAC (page 17)) || Tarif et bon de commande 2026 – onglet « CARAMELS ISIGNY 2026 » (ligne 163 – LES CARAMELS EN VRAC (page 17)),"Même libellé, formats ou décors différents : NE PAS FUSIONNER sans vérification"
LIBELLE_IDENTIQUE_MEME_PRODUCTEUR,boite cigare,CARAMELS D'ISIGNY,PROD-0545 / PROD-0551,BOÎTE CIGARE || BOÎTE CIGARE,5.5 / 5.5,Tarif et bon de commande 2026 – onglet « CARAMELS ISIGNY 2026 » (ligne 61 – LE THÈME NORMANDIE (page 9)) || Tarif et bon de commande 2026 – onglet « CARAMELS ISIGNY 2026 » (ligne 71 – LA GAMME D-DAY (page 9)),"Même libellé, formats ou décors différents : NE PAS FUSIONNER sans vérification"
LIBELLE_IDENTIQUE_MEME_PRODUCTEUR,boite noisette,CARAMELS D'ISIGNY,PROD-0573 / PROD-0612 / PROD-0621,2.BOÎTE 2KG NOISETTE || 40.BOÎTE 2KG NOISETTE || 49.BOÎTE 2KG NOISETTE,32.2 / 32.2 / 31.6,Tarif et bon de commande 2026 – onglet « CARAMELS ISIGNY 2026 » (ligne 106 – LES CARAMELS FONDANTS EN VRAC (page 15)) || Tarif et bon de commande 2026 – onglet « CARAMELS ISIGNY 2026 » (ligne 154 – LES CARAMELS EN VRAC (page 17)) || Tarif et bon de commande 2026 – onglet « CARAMELS ISIGNY 2026 » (ligne 164 – LES CARAMELS EN VRAC (page 17)),"Même libellé, formats ou décors différents : NE PAS FUSIONNER sans vérification"
LIBELLE_IDENTIQUE_PRODUCTEURS_DIFFERENTS,boite prestige,CARAMELS D'ISIGNY / CROCAEN'T,PROD-0499 / PROD-0500 / PROD-0501 / PROD-0555,"Boite prestige 200gr || Boite prestige 250gr || Boite prestige 320gr || BOÎTE ""PRESTIGE""",14.36 / 17.96 / 23.52 / 7.9,Tarif et bon de commande 2026 – onglet « TARIF NORMAND DIRECT 2026 » (ligne 508) || Tarif et bon de commande 2026 – onglet « TARIF NORMAND DIRECT 2026 » (ligne 509) || Tarif et bon de commande 2026 – onglet « TARIF NORMAND DIRECT 2026 » (ligne 510) || Tarif et bon de commande 2026 – onglet « CARAMELS ISIGNY 2026 » (ligne 79 – BOÎTES OVALES (page 11)),Produits de producteurs différents portant le même libellé : NE PAS FUSIONNER
LIBELLE_IDENTIQUE_PRODUCTEURS_DIFFERENTS,calvados,GAEC DE CLAIDS / SARL DOMAINE DE BILLY,PROD-0357 / PROD-0358 / PROD-0359 / PROD-0692 / PROD-0693,Calvados 5 ans 35cl || Calvados 5 ans 70cl || Calvados 7 ans 70cl || CALVADOS - 20 ANS || CALVADOS - 12 ANS,18.1 / 27.0 / 28.5 / 43.16 / 35.16,Tarif et bon de commande 2026 – onglet « TARIF NORMAND DIRECT 2026 » (ligne 366) || Tarif et bon de commande 2026 – onglet « TARIF NORMAND DIRECT 2026 » (ligne 367) || Tarif et bon de commande 2026 – onglet « TARIF NORMAND DIRECT 2026 » (ligne 368) || billy.pdf – tarif SARL Domaine de Billy « Prix de vente à partir de 2026 » – page 3 (page 3 – section CALVADOS) || billy.pdf – tarif SARL Domaine de Billy « Prix de vente à partir de 2026 » – page 3 (page 3 – section CALVADOS),Produits de producteurs différents portant le même libellé : NE PAS FUSIONNER
LIBELLE_IDENTIQUE_MEME_PRODUCTEUR,calvados aoc vsop vielle reserve,MAISON HEROUT,PROD-0334 / PROD-0335 / PROD-0336 / PROD-0337,Calvados AOC-VSOP vielle réserve 4 ans 20 cl || Calvados AOC-VSOP vielle réserve 4 ans 35 cl || Calvados AOC-VSOP vielle réserve 4 ans 70 cl || Calvados AOC-VSOP vielle réserve 4 ans 150 cl,11.33 / 17.82 / 30.7 / 69.85,Tarif et bon de commande 2026 – onglet « TARIF NORMAND DIRECT 2026 » (ligne 343) || Tarif et bon de commande 2026 – onglet « TARIF NORMAND DIRECT 2026 » (ligne 344) || Tarif et bon de commande 2026 – onglet « TARIF NORMAND DIRECT 2026 » (ligne 345) || Tarif et bon de commande 2026 – onglet « TARIF NORMAND DIRECT 2026 » (ligne 346),"Même libellé, formats ou décors différents : NE PAS FUSIONNER sans vérification"
LIBELLE_IDENTIQUE_MEME_PRODUCTEUR,calvados aoc xo hors d age,MAISON HEROUT,PROD-0330 / PROD-0331 / PROD-0332 / PROD-0333,Calvados AOC-XO hors d'âge 6 ans 20 cl || Calvados AOC-XO hors d'âge 6 ans 35 cl || Calvados AOC-XO hors d'âge 6 ans 70 cl || Calvados AOC-XO hors d'âge 6 ans 150 cl,13.53 / 21.23 / 36.52 / 82.83,Tarif et bon de commande 2026 – onglet « TARIF NORMAND DIRECT 2026 » (ligne 339) || Tarif et bon de commande 2026 – onglet « TARIF NORMAND DIRECT 2026 » (ligne 340) || Tarif et bon de commande 2026 – onglet « TARIF NORMAND DIRECT 2026 » (ligne 341) || Tarif et bon de commande 2026 – onglet « TARIF NORMAND DIRECT 2026 » (ligne 342),"Même libellé, formats ou décors différents : NE PAS FUSIONNER sans vérification"
LIBELLE_IDENTIQUE_MEME_PRODUCTEUR,calvados arrange banane vanille,POM’ POM’,PROD-0298 / PROD-0310,Calvados Arrangé Banane Vanille 70 cl || Calvados Arrangé Banane Vanille 20 cl,20.9 / 9.1,Tarif et bon de commande 2026 – onglet « TARIF NORMAND DIRECT 2026 » (ligne 307) || Tarif et bon de commande 2026 – onglet « TARIF NORMAND DIRECT 2026 » (ligne 319),"Même libellé, formats ou décors différents : NE PAS FUSIONNER sans vérification"
LIBELLE_IDENTIQUE_MEME_PRODUCTEUR,calvados arrange kumquat cafe,POM’ POM’,PROD-0297 / PROD-0309,Calvados Arrangé Kumquat Café 70 cl || Calvados Arrangé Kumquat Café 20 cl,20.9 / 9.1,Tarif et bon de commande 2026 – onglet « TARIF NORMAND DIRECT 2026 » (ligne 306) || Tarif et bon de commande 2026 – onglet « TARIF NORMAND DIRECT 2026 » (ligne 318),"Même libellé, formats ou décors différents : NE PAS FUSIONNER sans vérification"
LIBELLE_IDENTIQUE_MEME_PRODUCTEUR,calvados arrange pomme caramel,POM’ POM’,PROD-0299 / PROD-0311,Calvados Arrangé Pomme Caramel 70 cl || Calvados Arrangé Pomme Caramel 20 cl,20.9 / 9.1,Tarif et bon de commande 2026 – onglet « TARIF NORMAND DIRECT 2026 » (ligne 308) || Tarif et bon de commande 2026 – onglet « TARIF NORMAND DIRECT 2026 » (ligne 320),"Même libellé, formats ou décors différents : NE PAS FUSIONNER sans vérification"
LIBELLE_IDENTIQUE_MEME_PRODUCTEUR,calvados arrange pomme vanille,POM’ POM’,PROD-0296 / PROD-0308,Calvados Arrangé Pomme Vanille 70 cl || Calvados Arrangé Pomme Vanille 20 cl,20.9 / 9.1,Tarif et bon de commande 2026 – onglet « TARIF NORMAND DIRECT 2026 » (ligne 305) || Tarif et bon de commande 2026 – onglet « TARIF NORMAND DIRECT 2026 » (ligne 317),"Même libellé, formats ou décors différents : NE PAS FUSIONNER sans vérification"
LIBELLE_IDENTIQUE_MEME_PRODUCTEUR,calvados heritage d age,MAISON HEROUT,PROD-0326 / PROD-0327 / PROD-0328 / PROD-0329,Calvados Héritage 12 ans d'âge 20 cl || Calvados Héritage 12 ans d'âge 35 cl || Calvados Héritage 12 ans d'âge 70 cl || Calvados Héritage 12 ans d'âge 150 cl,16.06 / 25.25 / 43.34 / 96.69,Tarif et bon de commande 2026 – onglet « TARIF NORMAND DIRECT 2026 » (ligne 335) || Tarif et bon de commande 2026 – onglet « TARIF NORMAND DIRECT 2026 » (ligne 336) || Tarif et bon de commande 2026 – onglet « TARIF NORMAND DIRECT 2026 » (ligne 337) || Tarif et bon de commande 2026 – onglet « TARIF NORMAND DIRECT 2026 » (ligne 338),"Même libellé, formats ou décors différents : NE PAS FUSIONNER sans vérification"
LIBELLE_IDENTIQUE_MEME_PRODUCTEUR,calvados hors d age,SARL DOMAINE DE BILLY,PROD-0694 / PROD-0695,CALVADOS - HORS D'ÂGE || CALVADOS - HORS D'ÂGE,29.16 / 11.53,billy.pdf – tarif SARL Domaine de Billy « Prix de vente à partir de 2026 » – page 3 (page 3 – section CALVADOS) || billy.pdf – tarif SARL Domaine de Billy « Prix de vente à partir de 2026 » – page 3 (page 3 – section CALVADOS),"Même libellé, formats ou décors différents : NE PAS FUSIONNER sans vérification"
LIBELLE_IDENTIQUE_MEME_PRODUCTEUR,calvados vs,MAISON HEROUT,PROD-0338 / PROD-0339,Calvados VS 2 ans 20 cl || Calvados VS 2 ans 70 cl,9.57 / 25.41,Tarif et bon de commande 2026 – onglet « TARIF NORMAND DIRECT 2026 » (ligne 347) || Tarif et bon de commande 2026 – onglet « TARIF NORMAND DIRECT 2026 » (ligne 348),"Même libellé, formats ou décors différents : NE PAS FUSIONNER sans vérification"
LIBELLE_IDENTIQUE_MEME_PRODUCTEUR,caramel a tartiner au beurre sale,CARAMELS D'ISIGNY,PROD-0622 / PROD-0623,CARAMEL À TARTINER AU BEURRE SALÉ || CARAMEL À TARTINER AU BEURRE SALÉ,3.9 / 5.45,Tarif et bon de commande 2026 – onglet « CARAMELS ISIGNY 2026 » (ligne 167 – LES CARAMELS À TARTINER (page 18)) || Tarif et bon de commande 2026 – onglet « CARAMELS ISIGNY 2026 » (ligne 168 – LES CARAMELS À TARTINER (page 18)),"Même libellé, formats ou décors différents : NE PAS FUSIONNER sans vérification"
LIBELLE_IDENTIQUE_MEME_PRODUCTEUR,caramel au beurre sale,CARAMELS D'ISIGNY,PROD-0642 / PROD-0643,CARAMEL AU BEURRE SALÉ || CARAMEL AU BEURRE SALÉ,13.89 / 39.6,Tarif et bon de commande 2026 – onglet « CARAMELS ISIGNY 2026 » (ligne 193 – LES PRODUITS ALIMENTAIRES INTERMÉDIAIRES (page 20)) || Tarif et bon de commande 2026 – onglet « CARAMELS ISIGNY 2026 » (ligne 194 – LES PRODUITS ALIMENTAIRES INTERMÉDIAIRES (page 20)),"Même libellé, formats ou décors différents : NE PAS FUSIONNER sans vérification"
LIBELLE_IDENTIQUE_MEME_PRODUCTEUR,caramel corse au beurre sale,CARAMELS D'ISIGNY,PROD-0640 / PROD-0641,CARAMEL CORSÉ AU BEURRE SALÉ || CARAMEL CORSÉ AU BEURRE SALÉ,14.33 / 40.83,Tarif et bon de commande 2026 – onglet « CARAMELS ISIGNY 2026 » (ligne 191 – LES PRODUITS ALIMENTAIRES INTERMÉDIAIRES (page 20)) || Tarif et bon de commande 2026 – onglet « CARAMELS ISIGNY 2026 » (ligne 192 – LES PRODUITS ALIMENTAIRES INTERMÉDIAIRES (page 20)),"Même libellé, formats ou décors différents : NE PAS FUSIONNER sans vérification"
LIBELLE_IDENTIQUE_MEME_PRODUCTEUR,cidre cotentin brut,GAEC DE CLAIDS,PROD-0352 / PROD-0353,Cidre Cotentin brut 75 cl || Cidre Cotentin brut 33 cl,3.8 / 2.25,Tarif et bon de commande 2026 – onglet « TARIF NORMAND DIRECT 2026 » (ligne 361) || Tarif et bon de commande 2026 – onglet « TARIF NORMAND DIRECT 2026 » (ligne 362),"Même libellé, formats ou décors différents : NE PAS FUSIONNER sans vérification"
LIBELLE_IDENTIQUE_PRODUCTEURS_DIFFERENTS,cidre de glace,DOMAINE DES HAUTS VENTS / SARL DOMAINE DE BILLY,PROD-0472 / PROD-0687 / PROD-0688,"Cidre de Glace 37,5cl 12% || Cidre de glace || Cidre de glace",14.3 / 17.0 / 8.0,Tarif et bon de commande 2026 – onglet « TARIF NORMAND DIRECT 2026 » (ligne 481) || billy.pdf – tarif SARL Domaine de Billy « Prix de vente à partir de 2026 » – page 3 (page 3 – section APERITIFS) || billy.pdf – tarif SARL Domaine de Billy « Prix de vente à partir de 2026 » – page 3 (page 3 – section APERITIFS),Produits de producteurs différents portant le même libellé : NE PAS FUSIONNER
LIBELLE_IDENTIQUE_MEME_PRODUCTEUR,cidre fraicheur,SARL DOMAINE DE BILLY,PROD-0661 / PROD-0666,Cidre Fraîcheur || Cidre Fraîcheur,3.65 / 1.75,billy.pdf – tarif SARL Domaine de Billy « Prix de vente à partir de 2026 » – page 1 (page 1 – section CIDRES) || billy.pdf – tarif SARL Domaine de Billy « Prix de vente à partir de 2026 » – page 1 (page 1 – section CIDRES),"Même libellé, formats ou décors différents : NE PAS FUSIONNER sans vérification"
LIBELLE_IDENTIQUE_MEME_PRODUCTEUR,cidre fruite,SARL DOMAINE DE BILLY,PROD-0660 / PROD-0665,Cidre Fruité || Cidre Fruité,3.36 / 1.75,billy.pdf – tarif SARL Domaine de Billy « Prix de vente à partir de 2026 » – page 1 (page 1 – section CIDRES) || billy.pdf – tarif SARL Domaine de Billy « Prix de vente à partir de 2026 » – page 1 (page 1 – section CIDRES),"Même libellé, formats ou décors différents : NE PAS FUSIONNER sans vérification"
LIBELLE_IDENTIQUE_MEME_PRODUCTEUR,cidre tonique,SARL DOMAINE DE BILLY,PROD-0662 / PROD-0667,Cidre Tonique || Cidre Tonique,4.5 / 1.75,billy.pdf – tarif SARL Domaine de Billy « Prix de vente à partir de 2026 » – page 1 (page 1 – section CIDRES) || billy.pdf – tarif SARL Domaine de Billy « Prix de vente à partir de 2026 » – page 1 (page 1 – section CIDRES),"Même libellé, formats ou décors différents : NE PAS FUSIONNER sans vérification"
LIBELLE_IDENTIQUE_MEME_PRODUCTEUR,coulis de caramel au beurre sale,CARAMELS D'ISIGNY,PROD-0632 / PROD-0633,COULIS DE CARAMEL AU BEURRE SALÉ || COULIS DE CARAMEL AU BEURRE SALÉ,4.81 / 15.75,Tarif et bon de commande 2026 – onglet « CARAMELS ISIGNY 2026 » (ligne 179 – LES COULIS DE CARAMEL (Page 19)) || Tarif et bon de commande 2026 – onglet « CARAMELS ISIGNY 2026 » (ligne 180 – LES COULIS DE CARAMEL (Page 19)),"Même libellé, formats ou décors différents : NE PAS FUSIONNER sans vérification"
LIBELLE_IDENTIQUE_MEME_PRODUCTEUR,creme aux ufs a la creme d isigny,LE PÈRE ROUPSARD DESSERT,PROD-0070 / PROD-0072,Crème aux œufs à la crème d'Isigny 180 gr || Crème aux œufs à la crème d'Isigny 120 gr,2.25 / 1.77,Tarif et bon de commande 2026 – onglet « TARIF NORMAND DIRECT 2026 » (ligne 79) || Tarif et bon de commande 2026 – onglet « TARIF NORMAND DIRECT 2026 » (ligne 81),"Même libellé, formats ou décors différents : NE PAS FUSIONNER sans vérification"
LIBELLE_IDENTIQUE_MEME_PRODUCTEUR,creme aux ufs aux eclats de caramel d isigny,LE PÈRE ROUPSARD DESSERT,PROD-0071 / PROD-0073,Crème aux œufs aux éclats de caramel d'Isigny 180 gr || Crème aux œufs aux éclats de caramel d'Isigny 120 gr,2.25 / 1.77,Tarif et bon de commande 2026 – onglet « TARIF NORMAND DIRECT 2026 » (ligne 80) || Tarif et bon de commande 2026 – onglet « TARIF NORMAND DIRECT 2026 » (ligne 82),"Même libellé, formats ou décors différents : NE PAS FUSIONNER sans vérification"
LIBELLE_IDENTIQUE_MEME_PRODUCTEUR,creme de calvados,FERME DU LOTEROT,PROD-0370 / PROD-0371,Crème de Calvados 70 cl || Crème de Calvados 35 cl,13.5 / 9.1,Tarif et bon de commande 2026 – onglet « TARIF NORMAND DIRECT 2026 » (ligne 379) || Tarif et bon de commande 2026 – onglet « TARIF NORMAND DIRECT 2026 » (ligne 380),"Même libellé, formats ou décors différents : NE PAS FUSIONNER sans vérification"
LIBELLE_IDENTIQUE_MEME_PRODUCTEUR,eclats de caramel 1 5 mm,CARAMELS D'ISIGNY,PROD-0647 / PROD-0648 / PROD-0649,"ÉCLATS DE CARAMEL 1,5/4 MM || ÉCLATS DE CARAMEL 1,5/4 MM || ÉCLATS DE CARAMEL 1,5/4 MM",14.17 / 31.66 / 13.27,Tarif et bon de commande 2026 – onglet « CARAMELS ISIGNY 2026 » (ligne 198 – LES PRODUITS ALIMENTAIRES INTERMÉDIAIRES (page 20)) || Tarif et bon de commande 2026 – onglet « CARAMELS ISIGNY 2026 » (ligne 199 – LES PRODUITS ALIMENTAIRES INTERMÉDIAIRES (page 20)) || Tarif et bon de commande 2026 – onglet « CARAMELS ISIGNY 2026 » (ligne 200 – LES PRODUITS ALIMENTAIRES INTERMÉDIAIRES (page 20)),"Même libellé, formats ou décors différents : NE PAS FUSIONNER sans vérification"
LIBELLE_IDENTIQUE_MEME_PRODUCTEUR,eclats de caramel 4 mm,CARAMELS D'ISIGNY,PROD-0650 / PROD-0651 / PROD-0652,ÉCLATS DE CARAMEL 4/8 MM || ÉCLATS DE CARAMEL 4/8 MM || ÉCLATS DE CARAMEL 4/8 MM,14.57 / 32.61 / 13.66,Tarif et bon de commande 2026 – onglet « CARAMELS ISIGNY 2026 » (ligne 201 – LES PRODUITS ALIMENTAIRES INTERMÉDIAIRES (page 20)) || Tarif et bon de commande 2026 – onglet « CARAMELS ISIGNY 2026 » (ligne 202 – LES PRODUITS ALIMENTAIRES INTERMÉDIAIRES (page 20)) || Tarif et bon de commande 2026 – onglet « CARAMELS ISIGNY 2026 » (ligne 203 – LES PRODUITS ALIMENTAIRES INTERMÉDIAIRES (page 20)),"Même libellé, formats ou décors différents : NE PAS FUSIONNER sans vérification"
LIBELLE_IDENTIQUE_MEME_PRODUCTEUR,eclats de caramel calibre 1 5 mm,CARAMELS D'ISIGNY,PROD-0634 / PROD-0635,ÉCLATS DE CARAMEL CALIBRE 1.5/4MM || ÉCLATS DE CARAMEL CALIBRE 1.5/4MM,11.4 / 4.95,Tarif et bon de commande 2026 – onglet « CARAMELS ISIGNY 2026 » (ligne 183 – LES ÉCLATS ET POUDRE DE CARAMEL (page 19)) || Tarif et bon de commande 2026 – onglet « CARAMELS ISIGNY 2026 » (ligne 184 – LES ÉCLATS ET POUDRE DE CARAMEL (page 19)),"Même libellé, formats ou décors différents : NE PAS FUSIONNER sans vérification"
LIBELLE_IDENTIQUE_MEME_PRODUCTEUR,eclats de caramel calibre 4 mm,CARAMELS D'ISIGNY,PROD-0636 / PROD-0637,ÉCLATS DE CARAMEL CALIBRE 4/8MM || ÉCLATS DE CARAMEL CALIBRE 4/8MM,11.74 / 5.11,Tarif et bon de commande 2026 – onglet « CARAMELS ISIGNY 2026 » (ligne 185 – LES ÉCLATS ET POUDRE DE CARAMEL (page 19)) || Tarif et bon de commande 2026 – onglet « CARAMELS ISIGNY 2026 » (ligne 186 – LES ÉCLATS ET POUDRE DE CARAMEL (page 19)),"Même libellé, formats ou décors différents : NE PAS FUSIONNER sans vérification"
LIBELLE_IDENTIQUE_MEME_PRODUCTEUR,fine de claids,GAEC DE CLAIDS,PROD-0356 / PROD-0360,Fine de Claids 35 cl 40° || Fine de Claids 70 cl 40°,18.0 / 30.2,Tarif et bon de commande 2026 – onglet « TARIF NORMAND DIRECT 2026 » (ligne 365) || Tarif et bon de commande 2026 – onglet « TARIF NORMAND DIRECT 2026 » (ligne 369),"Même libellé, formats ou décors différents : NE PAS FUSIONNER sans vérification"
LIBELLE_IDENTIQUE_MEME_PRODUCTEUR,foie gras de canard pot le parfait,PÈRE ROUPSARD TRAITEUR,PROD-0112 / PROD-0113,Foie gras de canard pot le parfait 120 grs || Foie gras de canard pot le parfait 180 grs,14.65 / 20.6,Tarif et bon de commande 2026 – onglet « TARIF NORMAND DIRECT 2026 » (ligne 121) || Tarif et bon de commande 2026 – onglet « TARIF NORMAND DIRECT 2026 » (ligne 122),"Même libellé, formats ou décors différents : NE PAS FUSIONNER sans vérification"
LIBELLE_IDENTIQUE_PRODUCTEURS_DIFFERENTS,jus de pomme,GAEC DE CLAIDS / SARL DOMAINE DE BILLY,PROD-0367 / PROD-0368 / PROD-0672,Jus de pomme 100 cl || Jus de pomme 25 cl || Jus de pomme,3.3 / 1.9 / 2.75,Tarif et bon de commande 2026 – onglet « TARIF NORMAND DIRECT 2026 » (ligne 376) || Tarif et bon de commande 2026 – onglet « TARIF NORMAND DIRECT 2026 » (ligne 377) || billy.pdf – tarif SARL Domaine de Billy « Prix de vente à partir de 2026 » – page 2 (page 2 – section JUS DE POMME),Produits de producteurs différents portant le même libellé : NE PAS FUSIONNER
LIBELLE_IDENTIQUE_MEME_PRODUCTEUR,jus de pomme bio,MAISON HEROUT,PROD-0344 / PROD-0345,Jus de pomme bio 25 cl || Jus de pomme bio 100 cl,1.98 / 3.85,Tarif et bon de commande 2026 – onglet « TARIF NORMAND DIRECT 2026 » (ligne 353) || Tarif et bon de commande 2026 – onglet « TARIF NORMAND DIRECT 2026 » (ligne 354),"Même libellé, formats ou décors différents : NE PAS FUSIONNER sans vérification"
LIBELLE_IDENTIQUE_MEME_PRODUCTEUR,liqueur 44 le chiffre claids,GAEC DE CLAIDS,PROD-0364 / PROD-0365,"Liqueur 44 ""le chiffre Claids"" 35 cl 32° || Liqueur 44 ""le chiffre Claids"" 70 cl 32°",16.2 / 25.5,Tarif et bon de commande 2026 – onglet « TARIF NORMAND DIRECT 2026 » (ligne 373) || Tarif et bon de commande 2026 – onglet « TARIF NORMAND DIRECT 2026 » (ligne 374),"Même libellé, formats ou décors différents : NE PAS FUSIONNER sans vérification"
LIBELLE_IDENTIQUE_MEME_PRODUCTEUR,miel d acacia,Rucher du bocage Virois,PROD-0444 / PROD-0445,Miel d'Acacia 250gr || Miel d'Acacia 500gr,5.8 / 9.4,Tarif et bon de commande 2026 – onglet « TARIF NORMAND DIRECT 2026 » (ligne 453) || Tarif et bon de commande 2026 – onglet « TARIF NORMAND DIRECT 2026 » (ligne 454),"Même libellé, formats ou décors différents : NE PAS FUSIONNER sans vérification"
LIBELLE_IDENTIQUE_MEME_PRODUCTEUR,miel de chataigner,Rucher du bocage Virois,PROD-0448 / PROD-0449,Miel de Chataigner 250gr || Miel de Chataigner 500gr,5.8 / 9.4,Tarif et bon de commande 2026 – onglet « TARIF NORMAND DIRECT 2026 » (ligne 457) || Tarif et bon de commande 2026 – onglet « TARIF NORMAND DIRECT 2026 » (ligne 458),"Même libellé, formats ou décors différents : NE PAS FUSIONNER sans vérification"
LIBELLE_IDENTIQUE_MEME_PRODUCTEUR,miel de fleurs de normandie,Rucher du bocage Virois,PROD-0442 / PROD-0443,Miel de Fleurs de Normandie 250gr || Miel de Fleurs de Normandie 500gr,4.25 / 6.3,Tarif et bon de commande 2026 – onglet « TARIF NORMAND DIRECT 2026 » (ligne 451) || Tarif et bon de commande 2026 – onglet « TARIF NORMAND DIRECT 2026 » (ligne 452),"Même libellé, formats ou décors différents : NE PAS FUSIONNER sans vérification"
LIBELLE_IDENTIQUE_MEME_PRODUCTEUR,miel de foret,Rucher du bocage Virois,PROD-0450 / PROD-0451,Miel de Foret 250gr || Miel de Foret 500gr,5.8 / 9.4,Tarif et bon de commande 2026 – onglet « TARIF NORMAND DIRECT 2026 » (ligne 459) || Tarif et bon de commande 2026 – onglet « TARIF NORMAND DIRECT 2026 » (ligne 460),"Même libellé, formats ou décors différents : NE PAS FUSIONNER sans vérification"
LIBELLE_IDENTIQUE_MEME_PRODUCTEUR,miel de tilleul,Rucher du bocage Virois,PROD-0446 / PROD-0447,Miel de Tilleul 250gr || Miel de Tilleul 500gr,5.8 / 9.4,Tarif et bon de commande 2026 – onglet « TARIF NORMAND DIRECT 2026 » (ligne 455) || Tarif et bon de commande 2026 – onglet « TARIF NORMAND DIRECT 2026 » (ligne 456),"Même libellé, formats ou décors différents : NE PAS FUSIONNER sans vérification"
LIBELLE_IDENTIQUE_MEME_PRODUCTEUR,pain d epices nature,Rucher du bocage Virois,PROD-0452 / PROD-0453,Pain D'épices Nature 100gr || Pain D'épices Nature 250gr,1.9 / 3.8,Tarif et bon de commande 2026 – onglet « TARIF NORMAND DIRECT 2026 » (ligne 461) || Tarif et bon de commande 2026 – onglet « TARIF NORMAND DIRECT 2026 » (ligne 462),"Même libellé, formats ou décors différents : NE PAS FUSIONNER sans vérification"
LIBELLE_IDENTIQUE_MEME_PRODUCTEUR,pate de foie aux pommes calva,PÈRE ROUPSARD,PROD-0087 / PROD-0094,Pâté de foie aux pommes calva 90 grs || Pâté de foie aux pommes calva 180 grs,2.6 / 3.98,Tarif et bon de commande 2026 – onglet « TARIF NORMAND DIRECT 2026 » (ligne 96) || Tarif et bon de commande 2026 – onglet « TARIF NORMAND DIRECT 2026 » (ligne 103),"Même libellé, formats ou décors différents : NE PAS FUSIONNER sans vérification"
LIBELLE_IDENTIQUE_MEME_PRODUCTEUR,pomme basilic,SARL DOMAINE DE BILLY,PROD-0678 / PROD-0683,Pomme Basilic || Pomme Basilic,1.96 / 3.3,billy.pdf – tarif SARL Domaine de Billy « Prix de vente à partir de 2026 » – page 2 (page 2 – section JUS 33 cl) || billy.pdf – tarif SARL Domaine de Billy « Prix de vente à partir de 2026 » – page 2 (page 2 – section JUS 75 cl),"Même libellé, formats ou décors différents : NE PAS FUSIONNER sans vérification"
LIBELLE_IDENTIQUE_MEME_PRODUCTEUR,pomme framboise,SARL DOMAINE DE BILLY,PROD-0680 / PROD-0685,Pomme Framboise || Pomme Framboise,1.89 / 3.3,billy.pdf – tarif SARL Domaine de Billy « Prix de vente à partir de 2026 » – page 2 (page 2 – section JUS 33 cl) || billy.pdf – tarif SARL Domaine de Billy « Prix de vente à partir de 2026 » – page 2 (page 2 – section JUS 75 cl),"Même libellé, formats ou décors différents : NE PAS FUSIONNER sans vérification"
LIBELLE_IDENTIQUE_MEME_PRODUCTEUR,pomme menthe,SARL DOMAINE DE BILLY,PROD-0679 / PROD-0684,Pomme Menthe || Pomme Menthe,1.96 / 3.3,billy.pdf – tarif SARL Domaine de Billy « Prix de vente à partir de 2026 » – page 2 (page 2 – section JUS 33 cl) || billy.pdf – tarif SARL Domaine de Billy « Prix de vente à partir de 2026 » – page 2 (page 2 – section JUS 75 cl),"Même libellé, formats ou décors différents : NE PAS FUSIONNER sans vérification"
LIBELLE_IDENTIQUE_MEME_PRODUCTEUR,pomme myrtille,SARL DOMAINE DE BILLY,PROD-0681 / PROD-0686,Pomme Myrtille || Pomme Myrtille,1.89 / 3.3,billy.pdf – tarif SARL Domaine de Billy « Prix de vente à partir de 2026 » – page 2 (page 2 – section JUS 33 cl) || billy.pdf – tarif SARL Domaine de Billy « Prix de vente à partir de 2026 » – page 2 (page 2 – section JUS 75 cl),"Même libellé, formats ou décors différents : NE PAS FUSIONNER sans vérification"
LIBELLE_IDENTIQUE_MEME_PRODUCTEUR,pommeau bio,MAISON HEROUT,PROD-0342 / PROD-0343,Pommeau bio 70 cl || pommeau bio 20 cl,15.18 / 6.27,Tarif et bon de commande 2026 – onglet « TARIF NORMAND DIRECT 2026 » (ligne 351) || Tarif et bon de commande 2026 – onglet « TARIF NORMAND DIRECT 2026 » (ligne 352),"Même libellé, formats ou décors différents : NE PAS FUSIONNER sans vérification"
LIBELLE_IDENTIQUE_PRODUCTEURS_DIFFERENTS,pommeau de normandie,GAEC DE CLAIDS / SARL DOMAINE DE BILLY,PROD-0361 / PROD-0362 / PROD-0689 / PROD-0690,Pommeau de Normandie 35 cl 17° || Pommeau de Normandie 70 cl 17° || Pommeau de Normandie || Pommeau de Normandie,7.25 / 11.35 / 9.97 / 6.12,Tarif et bon de commande 2026 – onglet « TARIF NORMAND DIRECT 2026 » (ligne 370) || Tarif et bon de commande 2026 – onglet « TARIF NORMAND DIRECT 2026 » (ligne 371) || billy.pdf – tarif SARL Domaine de Billy « Prix de vente à partir de 2026 » – page 3 (page 3 – section APERITIFS) || billy.pdf – tarif SARL Domaine de Billy « Prix de vente à partir de 2026 » – page 3 (page 3 – section APERITIFS),Produits de producteurs différents portant le même libellé : NE PAS FUSIONNER
LIBELLE_IDENTIQUE_MEME_PRODUCTEUR,poudre de caramel,CARAMELS D'ISIGNY,PROD-0638 / PROD-0639 / PROD-0644 / PROD-0645 / PROD-0646,POUDRE DE CARAMEL || POUDRE DE CARAMEL || POUDRE DE CARAMEL || POUDRE DE CARAMEL || POUDRE DE CARAMEL,10.7 / 4.27 / 13.29 / 29.68 / 12.44,Tarif et bon de commande 2026 – onglet « CARAMELS ISIGNY 2026 » (ligne 187 – LES ÉCLATS ET POUDRE DE CARAMEL (page 19)) || Tarif et bon de commande 2026 – onglet « CARAMELS ISIGNY 2026 » (ligne 188 – LES ÉCLATS ET POUDRE DE CARAMEL (page 19)) || Tarif et bon de commande 2026 – onglet « CARAMELS ISIGNY 2026 » (ligne 195 – LES PRODUITS ALIMENTAIRES INTERMÉDIAIRES (page 20)) || Tarif et bon de commande 2026 – onglet « CARAMELS ISIGNY 2026 » (ligne 196 – LES PRODUITS ALIMENTAIRES INTERMÉDIAIRES (page 20)) || Tarif et bon de commande 2026 – onglet « CARAMELS ISIGNY 2026 » (ligne 197 – LES PRODUITS ALIMENTAIRES INTERMÉDIAIRES (page 20)),"Même libellé, formats ou décors différents : NE PAS FUSIONNER sans vérification"
LIBELLE_IDENTIQUE_MEME_PRODUCTEUR,rillettes de canard au foie gras,PÈRE ROUPSARD,PROD-0092 / PROD-0111,Rillettes de canard au foie gras 90 grs || Rillettes de canard au foie gras 180 grs,2.88 / 3.98,Tarif et bon de commande 2026 – onglet « TARIF NORMAND DIRECT 2026 » (ligne 101) || Tarif et bon de commande 2026 – onglet « TARIF NORMAND DIRECT 2026 » (ligne 120),"Même libellé, formats ou décors différents : NE PAS FUSIONNER sans vérification"
LIBELLE_IDENTIQUE_MEME_PRODUCTEUR,rillettes de porc a l ancienne,PÈRE ROUPSARD,PROD-0084 / PROD-0097,Rillettes de porc à l'anciènne 90 grs || Rillettes de porc à l'anciènne 180 grs,2.6 / 3.98,Tarif et bon de commande 2026 – onglet « TARIF NORMAND DIRECT 2026 » (ligne 93) || Tarif et bon de commande 2026 – onglet « TARIF NORMAND DIRECT 2026 » (ligne 106),"Même libellé, formats ou décors différents : NE PAS FUSIONNER sans vérification"
LIBELLE_IDENTIQUE_MEME_PRODUCTEUR,rillettes de porc fume,PÈRE ROUPSARD,PROD-0085 / PROD-0096,Rillettes de porc fumé 90 grs || Rillettes de porc fumé 180 grs,2.6 / 3.98,Tarif et bon de commande 2026 – onglet « TARIF NORMAND DIRECT 2026 » (ligne 94) || Tarif et bon de commande 2026 – onglet « TARIF NORMAND DIRECT 2026 » (ligne 105),"Même libellé, formats ou décors différents : NE PAS FUSIONNER sans vérification"
LIBELLE_IDENTIQUE_MEME_PRODUCTEUR,rillettes de poulet citron confit,PÈRE ROUPSARD,PROD-0090 / PROD-0108,Rillettes de poulet citron confit 90 grs || Rillettes de poulet citron confit 180 grs,2.6 / 3.98,Tarif et bon de commande 2026 – onglet « TARIF NORMAND DIRECT 2026 » (ligne 99) || Tarif et bon de commande 2026 – onglet « TARIF NORMAND DIRECT 2026 » (ligne 117),"Même libellé, formats ou décors différents : NE PAS FUSIONNER sans vérification"
LIBELLE_IDENTIQUE_MEME_PRODUCTEUR,rillettes de saumon,MAISON SAINT LO,PROD-0183 / PROD-0206,Rillettes de saumon 140 grs || Rillettes de saumon 90 grs/12,4.5 / 3.2,Tarif et bon de commande 2026 – onglet « TARIF NORMAND DIRECT 2026 » (ligne 192) || Tarif et bon de commande 2026 – onglet « TARIF NORMAND DIRECT 2026 » (ligne 215),"Même libellé, formats ou décors différents : NE PAS FUSIONNER sans vérification"
LIBELLE_IDENTIQUE_MEME_PRODUCTEUR,rillettes de saumon a l aneth fraiche,MAISON SAINT LO,PROD-0184 / PROD-0207,Rillettes de saumon à l'aneth fraîche 140 grs || Rillettes de saumon à l'aneth fraîche 90 grs,4.5 / 3.2,Tarif et bon de commande 2026 – onglet « TARIF NORMAND DIRECT 2026 » (ligne 193) || Tarif et bon de commande 2026 – onglet « TARIF NORMAND DIRECT 2026 » (ligne 216),"Même libellé, formats ou décors différents : NE PAS FUSIONNER sans vérification"
LIBELLE_IDENTIQUE_MEME_PRODUCTEUR,rillettes de truite,MAISON SAINT LO,PROD-0186 / PROD-0209,Rillettes de truite 140 grs || Rillettes de truite 90 grs,4.5 / 3.2,Tarif et bon de commande 2026 – onglet « TARIF NORMAND DIRECT 2026 » (ligne 195) || Tarif et bon de commande 2026 – onglet « TARIF NORMAND DIRECT 2026 » (ligne 218),"Même libellé, formats ou décors différents : NE PAS FUSIONNER sans vérification"
LIBELLE_IDENTIQUE_MEME_PRODUCTEUR,rillettes de truite a l aneth fraiche,MAISON SAINT LO,PROD-0188 / PROD-0210,Rillettes de truite à l'aneth fraîche 140 grs || Rillettes de truite à l'aneth fraîche 90 grs,4.5 / 3.2,Tarif et bon de commande 2026 – onglet « TARIF NORMAND DIRECT 2026 » (ligne 197) || Tarif et bon de commande 2026 – onglet « TARIF NORMAND DIRECT 2026 » (ligne 219),"Même libellé, formats ou décors différents : NE PAS FUSIONNER sans vérification"
LIBELLE_IDENTIQUE_MEME_PRODUCTEUR,rillettes de truite noix de st jacques,MAISON SAINT LO,PROD-0178 / PROD-0197,Rillettes de truite noix de st jacques 140 grs || Rillettes de truite noix de st jacques 90 grs,4.9 / 3.5,Tarif et bon de commande 2026 – onglet « TARIF NORMAND DIRECT 2026 » (ligne 187) || Tarif et bon de commande 2026 – onglet « TARIF NORMAND DIRECT 2026 » (ligne 206),"Même libellé, formats ou décors différents : NE PAS FUSIONNER sans vérification"
LIBELLE_IDENTIQUE_MEME_PRODUCTEUR,rillettes du cotentin,PÈRE ROUPSARD,PROD-0088 / PROD-0098,Rillettes du Cotentin 90 grs || Rillettes du Cotentin 180 grs,2.6 / 3.98,Tarif et bon de commande 2026 – onglet « TARIF NORMAND DIRECT 2026 » (ligne 97) || Tarif et bon de commande 2026 – onglet « TARIF NORMAND DIRECT 2026 » (ligne 107),"Même libellé, formats ou décors différents : NE PAS FUSIONNER sans vérification"
LIBELLE_IDENTIQUE_MEME_PRODUCTEUR,riz au lait de normandie,LE PÈRE ROUPSARD DESSERT,PROD-0066 / PROD-0068,Riz au lait de Normandie 180 gr || Riz au lait de Normandie 120 gr,2.25 / 1.77,Tarif et bon de commande 2026 – onglet « TARIF NORMAND DIRECT 2026 » (ligne 75) || Tarif et bon de commande 2026 – onglet « TARIF NORMAND DIRECT 2026 » (ligne 77),"Même libellé, formats ou décors différents : NE PAS FUSIONNER sans vérification"
LIBELLE_IDENTIQUE_MEME_PRODUCTEUR,riz au lait de normandie eclats caramel d isigny,LE PÈRE ROUPSARD DESSERT,PROD-0067 / PROD-0069,Riz au lait de Normandie Eclats caramel d'Isigny 180 gr || Riz au lait de Normandie Eclats caramel d'Isigny 120 gr,2.25 / 1.77,Tarif et bon de commande 2026 – onglet « TARIF NORMAND DIRECT 2026 » (ligne 76) || Tarif et bon de commande 2026 – onglet « TARIF NORMAND DIRECT 2026 » (ligne 78),"Même libellé, formats ou décors différents : NE PAS FUSIONNER sans vérification"
LIBELLE_IDENTIQUE_MEME_PRODUCTEUR,soupe d etrilles,PÈRE ROUPSARD TRAITEUR,PROD-0128 / PROD-0129,Soupe d'étrilles 1 litre || Soupe d'étrilles 50 cl,4.05 / 2.31,Tarif et bon de commande 2026 – onglet « TARIF NORMAND DIRECT 2026 » (ligne 137) || Tarif et bon de commande 2026 – onglet « TARIF NORMAND DIRECT 2026 » (ligne 138),"Même libellé, formats ou décors différents : NE PAS FUSIONNER sans vérification"
LIBELLE_IDENTIQUE_MEME_PRODUCTEUR,soupe de langoustines,PÈRE ROUPSARD TRAITEUR,PROD-0130 / PROD-0131,Soupe de langoustines 1 litre || Soupe de langoustines 50 cl,4.05 / 2.31,Tarif et bon de commande 2026 – onglet « TARIF NORMAND DIRECT 2026 » (ligne 139) || Tarif et bon de commande 2026 – onglet « TARIF NORMAND DIRECT 2026 » (ligne 140),"Même libellé, formats ou décors différents : NE PAS FUSIONNER sans vérification"
LIBELLE_IDENTIQUE_PRODUCTEURS_DIFFERENTS,soupe de poisson,MAISON SAINT LO / PÈRE ROUPSARD TRAITEUR,PROD-0124 / PROD-0125 / PROD-0171 / PROD-0176,Soupe de poisson 1 litre || Soupe de poisson 50 cl || Soupe de poisson 740 ml || Soupe de poisson 480 ml,3.4 / 2.05 / 4.2 / 3.5,Tarif et bon de commande 2026 – onglet « TARIF NORMAND DIRECT 2026 » (ligne 133) || Tarif et bon de commande 2026 – onglet « TARIF NORMAND DIRECT 2026 » (ligne 134) || Tarif et bon de commande 2026 – onglet « TARIF NORMAND DIRECT 2026 » (ligne 180) || Tarif et bon de commande 2026 – onglet « TARIF NORMAND DIRECT 2026 » (ligne 185),Produits de producteurs différents portant le même libellé : NE PAS FUSIONNER
LIBELLE_IDENTIQUE_MEME_PRODUCTEUR,soupe de saumon fume,MAISON SAINT LO,PROD-0167 / PROD-0172,Soupe de saumon fumé 740 ml || Soupe de saumon fumé  480 ml,4.2 / 3.5,Tarif et bon de commande 2026 – onglet « TARIF NORMAND DIRECT 2026 » (ligne 176) || Tarif et bon de commande 2026 – onglet « TARIF NORMAND DIRECT 2026 » (ligne 181),"Même libellé, formats ou décors différents : NE PAS FUSIONNER sans vérification"
LIBELLE_IDENTIQUE_MEME_PRODUCTEUR,soupe de truite fumee,MAISON SAINT LO,PROD-0168 / PROD-0173,Soupe de truite fumée 740 ml || Soupe de truite fumée 480 ml,4.2 / 3.5,Tarif et bon de commande 2026 – onglet « TARIF NORMAND DIRECT 2026 » (ligne 177) || Tarif et bon de commande 2026 – onglet « TARIF NORMAND DIRECT 2026 » (ligne 182),"Même libellé, formats ou décors différents : NE PAS FUSIONNER sans vérification"
LIBELLE_IDENTIQUE_MEME_PRODUCTEUR,terrine campagne pomme foie gras,PÈRE ROUPSARD,PROD-0086 / PROD-0104,Terrine campagne pomme foie gras 90 grs || Terrine campagne pomme foie gras 180 g,2.6 / 3.98,Tarif et bon de commande 2026 – onglet « TARIF NORMAND DIRECT 2026 » (ligne 95) || Tarif et bon de commande 2026 – onglet « TARIF NORMAND DIRECT 2026 » (ligne 113),"Même libellé, formats ou décors différents : NE PAS FUSIONNER sans vérification"
LIBELLE_IDENTIQUE_MEME_PRODUCTEUR,terrine de campagne,PÈRE ROUPSARD,PROD-0080 / PROD-0095,Terrine de campagne 90 grs || Terrine de campagne 180 grs,2.6 / 3.98,Tarif et bon de commande 2026 – onglet « TARIF NORMAND DIRECT 2026 » (ligne 89) || Tarif et bon de commande 2026 – onglet « TARIF NORMAND DIRECT 2026 » (ligne 104),"Même libellé, formats ou décors différents : NE PAS FUSIONNER sans vérification"
LIBELLE_IDENTIQUE_MEME_PRODUCTEUR,terrine de canard aux pommes,PÈRE ROUPSARD,PROD-0079 / PROD-0099,Terrine de canard aux pommes 90 grs || Terrine de canard aux pommes 180 grs,2.6 / 3.98,Tarif et bon de commande 2026 – onglet « TARIF NORMAND DIRECT 2026 » (ligne 88) || Tarif et bon de commande 2026 – onglet « TARIF NORMAND DIRECT 2026 » (ligne 108),"Même libellé, formats ou décors différents : NE PAS FUSIONNER sans vérification"
LIBELLE_IDENTIQUE_MEME_PRODUCTEUR,terrine de faisan au calvados,PÈRE ROUPSARD,PROD-0075 / PROD-0106,Terrine de faisan au Calvados 90 grs || Terrine de faisan au Calvados 180 grs,2.6 / 3.98,Tarif et bon de commande 2026 – onglet « TARIF NORMAND DIRECT 2026 » (ligne 84) || Tarif et bon de commande 2026 – onglet « TARIF NORMAND DIRECT 2026 » (ligne 115),"Même libellé, formats ou décors différents : NE PAS FUSIONNER sans vérification"
LIBELLE_IDENTIQUE_MEME_PRODUCTEUR,terrine de lapin au pommeau,PÈRE ROUPSARD,PROD-0078 / PROD-0100,Terrine de lapin au pommeau 90 grs || Terrine de lapin au pommeau 180 grs,2.6 / 3.98,Tarif et bon de commande 2026 – onglet « TARIF NORMAND DIRECT 2026 » (ligne 87) || Tarif et bon de commande 2026 – onglet « TARIF NORMAND DIRECT 2026 » (ligne 109),"Même libellé, formats ou décors différents : NE PAS FUSIONNER sans vérification"
LIBELLE_IDENTIQUE_MEME_PRODUCTEUR,terrine de lievre au calvados,PÈRE ROUPSARD,PROD-0076 / PROD-0105,Terrine de lièvre au Calvados 90 grs || Terrine de lièvre au Calvados 180 grs,2.6 / 3.98,Tarif et bon de commande 2026 – onglet « TARIF NORMAND DIRECT 2026 » (ligne 85) || Tarif et bon de commande 2026 – onglet « TARIF NORMAND DIRECT 2026 » (ligne 114),"Même libellé, formats ou décors différents : NE PAS FUSIONNER sans vérification"
LIBELLE_IDENTIQUE_MEME_PRODUCTEUR,terrine de truite fumee,MAISON SAINT LO,PROD-0179 / PROD-0199,Terrine de truite fumée 140 grs || Terrine de truite fumée 90 grs,4.9 / 3.5,Tarif et bon de commande 2026 – onglet « TARIF NORMAND DIRECT 2026 » (ligne 188) || Tarif et bon de commande 2026 – onglet « TARIF NORMAND DIRECT 2026 » (ligne 208),"Même libellé, formats ou décors différents : NE PAS FUSIONNER sans vérification"
LIBELLE_IDENTIQUE_MEME_PRODUCTEUR,terrine pomme porc andouille,PÈRE ROUPSARD,PROD-0077 / PROD-0107,Terrine pomme porc andouille 90 grs || Terrine pomme porc andouille 180 grs,2.6 / 3.98,Tarif et bon de commande 2026 – onglet « TARIF NORMAND DIRECT 2026 » (ligne 86) || Tarif et bon de commande 2026 – onglet « TARIF NORMAND DIRECT 2026 » (ligne 116),"Même libellé, formats ou décors différents : NE PAS FUSIONNER sans vérification"
LIBELLE_IDENTIQUE_MEME_PRODUCTEUR,terrine porc camembert,PÈRE ROUPSARD,PROD-0083 / PROD-0102,Terrine porc camembert 90 grs || Terrine porc camembert 180 grs,2.6 / 3.98,Tarif et bon de commande 2026 – onglet « TARIF NORMAND DIRECT 2026 » (ligne 92) || Tarif et bon de commande 2026 – onglet « TARIF NORMAND DIRECT 2026 » (ligne 111),"Même libellé, formats ou décors différents : NE PAS FUSIONNER sans vérification"
LIBELLE_IDENTIQUE_MEME_PRODUCTEUR,terrine porc livarot,PÈRE ROUPSARD,PROD-0082 / PROD-0101,Terrine porc Livarot 90 grs || Terrine porc livarot 180 grs,2.6 / 3.98,Tarif et bon de commande 2026 – onglet « TARIF NORMAND DIRECT 2026 » (ligne 91) || Tarif et bon de commande 2026 – onglet « TARIF NORMAND DIRECT 2026 » (ligne 110),"Même libellé, formats ou décors différents : NE PAS FUSIONNER sans vérification"
LIBELLE_IDENTIQUE_MEME_PRODUCTEUR,terrine saumon fume,MAISON SAINT LO,PROD-0160 / PROD-0200,Terrine saumon fumé 180 grs || Terrine saumon fumé 90 grs,5.2 / 3.5,Tarif et bon de commande 2026 – onglet « TARIF NORMAND DIRECT 2026 » (ligne 169) || Tarif et bon de commande 2026 – onglet « TARIF NORMAND DIRECT 2026 » (ligne 209),"Même libellé, formats ou décors différents : NE PAS FUSIONNER sans vérification"
LIBELLE_IDENTIQUE_MEME_PRODUCTEUR,teurgoule cannelle,FERME DE LA CHOUQUERIE,PROD-0036 / PROD-0037 / PROD-0038,Teurgoule cannelle 280 g || Teurgoule cannelle 500 g || Teurgoule cannelle 740 g,3.82 / 6.34 / 8.5,Tarif et bon de commande 2026 – onglet « TARIF NORMAND DIRECT 2026 » (ligne 45) || Tarif et bon de commande 2026 – onglet « TARIF NORMAND DIRECT 2026 » (ligne 46) || Tarif et bon de commande 2026 – onglet « TARIF NORMAND DIRECT 2026 » (ligne 47),"Même libellé, formats ou décors différents : NE PAS FUSIONNER sans vérification"
LIBELLE_IDENTIQUE_MEME_PRODUCTEUR,teurgoule nature,FERME DE LA CHOUQUERIE,PROD-0033 / PROD-0034 / PROD-0035,Teurgoule nature 280 g || Teurgoule nature 500 g || Teurgoule nature 740 g,3.82 / 6.34 / 8.5,Tarif et bon de commande 2026 – onglet « TARIF NORMAND DIRECT 2026 » (ligne 42) || Tarif et bon de commande 2026 – onglet « TARIF NORMAND DIRECT 2026 » (ligne 43) || Tarif et bon de commande 2026 – onglet « TARIF NORMAND DIRECT 2026 » (ligne 44),"Même libellé, formats ou décors différents : NE PAS FUSIONNER sans vérification"
LIBELLE_IDENTIQUE_MEME_PRODUCTEUR,veloute de homard,PÈRE ROUPSARD TRAITEUR,PROD-0126 / PROD-0127,Velouté de homard 1 litre || Velouté de homard 50 cl,5.95 / 3.68,Tarif et bon de commande 2026 – onglet « TARIF NORMAND DIRECT 2026 » (ligne 135) || Tarif et bon de commande 2026 – onglet « TARIF NORMAND DIRECT 2026 » (ligne 136),"Même libellé, formats ou décors différents : NE PAS FUSIONNER sans vérification"
LIBELLE_IDENTIQUE_MEME_PRODUCTEUR,veloute de saumon,MAISON SAINT LO,PROD-0169 / PROD-0174,Velouté de saumon 740 ml || Velouté de saumon 480 ml,4.2 / 3.5,Tarif et bon de commande 2026 – onglet « TARIF NORMAND DIRECT 2026 » (ligne 178) || Tarif et bon de commande 2026 – onglet « TARIF NORMAND DIRECT 2026 » (ligne 183),"Même libellé, formats ou décors différents : NE PAS FUSIONNER sans vérification"
LIBELLE_IDENTIQUE_MEME_PRODUCTEUR,veloute de truite,MAISON SAINT LO,PROD-0170 / PROD-0175,Velouté de truite 740 ml || Velouté de truite 480 ml,4.2 / 3.5,Tarif et bon de commande 2026 – onglet « TARIF NORMAND DIRECT 2026 » (ligne 179) || Tarif et bon de commande 2026 – onglet « TARIF NORMAND DIRECT 2026 » (ligne 184),"Même libellé, formats ou décors différents : NE PAS FUSIONNER sans vérification"
LIBELLE_IDENTIQUE_MEME_PRODUCTEUR,vinaigre de cidre bio,MAISON HEROUT,PROD-0347 / PROD-0348,Vinaigre de cidre bio 25 cl || Vinaigre de cidre bio 50 cl,4.07 / 5.94,Tarif et bon de commande 2026 – onglet « TARIF NORMAND DIRECT 2026 » (ligne 356) || Tarif et bon de commande 2026 – onglet « TARIF NORMAND DIRECT 2026 » (ligne 357),"Même libellé, formats ou décors différents : NE PAS FUSIONNER sans vérification"
LIBELLE_IDENTIQUE_MEME_PRODUCTEUR,vrac beurre doux d isigny aop,CARAMELS D'ISIGNY,PROD-0583 / PROD-0594,11.VRAC BEURRE DOUX D’ISIGNY AOP || 22.VRAC BEURRE DOUX D’ISIGNY AOP,13.65 / 13.0,Tarif et bon de commande 2026 – onglet « CARAMELS ISIGNY 2026 » (ligne 121 – LES CARAMELS EN VRAC (page 16)) || Tarif et bon de commande 2026 – onglet « CARAMELS ISIGNY 2026 » (ligne 133 – LES CARAMELS EN VRAC (page 16)),"Même libellé, formats ou décors différents : NE PAS FUSIONNER sans vérification"
LIBELLE_IDENTIQUE_MEME_PRODUCTEUR,vrac beurre sale d isigny aop,CARAMELS D'ISIGNY,PROD-0576 / PROD-0581 / PROD-0582,5.VRAC BEURRE SALÉ D’ISIGNY AOP || 9.VRAC BEURRE SALÉ D’ISIGNY AOP || 10.VRAC BEURRE SALÉ D’ISIGNY AOP,13.65 / 13.0 / 13.65,Tarif et bon de commande 2026 – onglet « CARAMELS ISIGNY 2026 » (ligne 110 – LES CARAMELS FONDANTS EN VRAC (page 15)) || Tarif et bon de commande 2026 – onglet « CARAMELS ISIGNY 2026 » (ligne 119 – LES CARAMELS EN VRAC (page 16)) || Tarif et bon de commande 2026 – onglet « CARAMELS ISIGNY 2026 » (ligne 120 – LES CARAMELS EN VRAC (page 16)),"Même libellé, formats ou décors différents : NE PAS FUSIONNER sans vérification"
LIBELLE_IDENTIQUE_MEME_PRODUCTEUR,vrac cafe,CARAMELS D'ISIGNY,PROD-0589 / PROD-0595,17.VRAC CAFÉ || 23.VRAC CAFÉ,13.65 / 13.0,Tarif et bon de commande 2026 – onglet « CARAMELS ISIGNY 2026 » (ligne 127 – LES CARAMELS EN VRAC (page 16)) || Tarif et bon de commande 2026 – onglet « CARAMELS ISIGNY 2026 » (ligne 134 – LES CARAMELS EN VRAC (page 16)),"Même libellé, formats ou décors différents : NE PAS FUSIONNER sans vérification"
LIBELLE_IDENTIQUE_MEME_PRODUCTEUR,vrac chocolat,CARAMELS D'ISIGNY,PROD-0587 / PROD-0596,15.VRAC CHOCOLAT || 24.VRAC CHOCOLAT,13.65 / 13.0,Tarif et bon de commande 2026 – onglet « CARAMELS ISIGNY 2026 » (ligne 125 – LES CARAMELS EN VRAC (page 16)) || Tarif et bon de commande 2026 – onglet « CARAMELS ISIGNY 2026 » (ligne 135 – LES CARAMELS EN VRAC (page 16)),"Même libellé, formats ou décors différents : NE PAS FUSIONNER sans vérification"
LIBELLE_IDENTIQUE_MEME_PRODUCTEUR,vrac noisette,CARAMELS D'ISIGNY,PROD-0577 / PROD-0588 / PROD-0597,6.VRAC NOISETTE || 16.VRAC NOISETTE || 25.VRAC NOISETTE,13.65 / 13.65 / 13.0,Tarif et bon de commande 2026 – onglet « CARAMELS ISIGNY 2026 » (ligne 111 – LES CARAMELS FONDANTS EN VRAC (page 15)) || Tarif et bon de commande 2026 – onglet « CARAMELS ISIGNY 2026 » (ligne 126 – LES CARAMELS EN VRAC (page 16)) || Tarif et bon de commande 2026 – onglet « CARAMELS ISIGNY 2026 » (ligne 136 – LES CARAMELS EN VRAC (page 16)),"Même libellé, formats ou décors différents : NE PAS FUSIONNER sans vérification"
